Tag;AVG_LWET200;AVG_RH200;AVG_TA020;AVG_TA200;AVG_TB005;AVG_WV200;DFROST;DHOT;DICE;DRAIN;DSUMM;DVEG;KWB;MAX_GS200;MAX_LWET200;MAX_NN050;MAX_RH200;MAX_TA020;MAX_TA200;MAX_TB005;MAX_WV200;MAX_WV200max;MIN_LWET200;MIN_RH200;MIN_TA020;MIN_TA200;MIN_TB005;SUM_GS200;SUM_NN050;SUM_SOH
21.06.2023;32,5;77,7;22,1;21,5;20,1;1,2;0;0;0;1;1;1;-0,4;823,5;100;2,4;94,9;28,3;26,1;20,8;2;3,5;8,1;60,1;15,6;16,6;19,4;4627;3,1;5
22.06.2023;14,3;65,6;24,4;24;20,2;1,9;0;1;0;0;1;1;-4,9;664,1;44,6;0;91,3;32;30,4;21,1;4,2;7,6;7;37,1;17,2;18,1;19,3;5238,4;0;6
23.06.2023;23,9;67,3;19,9;19,4;19,4;2,9;0;0;0;1;0;1;-3,7;754,6;98,8;0,7;93,5;26,3;23,6;20,1;4,5;7,4;7,6;44,1;12,6;15,1;19;5524,6;0,8;7
24.06.2023;28,3;57,4;20,9;20,3;18,9;1,2;0;0;0;0;1;1;-5,4;940,7;99,2;0;94,6;29,4;27;20,4;2,2;4,4;4,7;32,9;9,2;10,5;17,6;8358,8;0;14
25.06.2023;10;51,5;22;21,9;19,3;1,2;0;0;0;0;1;1;-5,9;945,2;24,8;0;85,9;31,3;29,3;20,6;2,5;5;3,5;26,8;10,2;12,6;17,9;8591,1;0;14
26.06.2023;9,1;51,5;23;22,9;19,3;2,8;0;0;0;0;1;1;-6,3;782,7;14,4;0;79,5;31,8;29,5;20,3;5,4;8,7;6,3;36,1;12;14,5;18,3;7094,8;0;11
27.06.2023;8,6;53,1;19,5;18,9;18,8;1,6;0;0;0;0;0;1;-4;542,8;10,4;0;67,6;24,3;22,1;19,2;3,3;5,1;6,8;38,9;14,7;15,5;18,3;4886,5;0;5
28.06.2023;9,4;54,5;20,3;19,6;18,7;1,5;0;0;0;0;0;1;-4,6;951,7;28,3;0;77,4;28,7;24,4;19,6;2,4;4,3;5,3;39,6;12,5;14,8;17,9;6159,9;0;8
29.06.2023;13,2;60,8;21,2;20,5;18,7;1,3;0;0;0;0;1;1;-4,7;957,8;62,9;0;89,6;30,8;27,3;19,7;3,3;5,4;5,1;37,2;9,8;11,4;17,6;6374;0;9
30.06.2023;34,7;83,6;18,5;18,3;18,9;1,5;0;0;0;1;0;1;7,4;584,8;100;4,7;95;23,2;21,3;19,3;3,4;5,3;11,1;73,6;15,2;16,3;18,5;2970,9;9,7;1
01.07.2023;22,4;71,1;18,5;18;18,5;2,3;0;0;0;0;0;1;-4,2;805,6;84,6;0;92;24,6;22,5;18,9;3,7;7,1;7,3;40,1;12,4;13;18;5375,3;0;7
02.07.2023;30,3;64,3;18,9;18,5;18,4;2,3;0;0;0;1;0;1;-4,6;800,4;100;0,1;94,4;26,9;24,1;19,1;3,9;6,9;6,1;36,2;10,5;13,7;17,8;6310,3;0,2;9
03.07.2023;10,8;58,3;19,1;18,8;18;2,3;0;0;0;0;0;1;-4,4;779,8;33;0;77,6;25,9;23,1;18,6;3,9;6,7;7;41,7;9,6;13;17,4;5322,3;0;7
04.07.2023;10,8;63,7;19,8;19,5;18,2;1,6;0;0;0;0;1;1;-4,1;602,2;15,1;0;88;27,9;25,3;18,9;3,2;5,5;6,2;38;13,1;15,1;17,6;4990,3;0;6
05.07.2023;15,6;64;18,5;18,3;18,2;2,2;0;0;0;1;0;1;-0,7;957,8;96,2;4;88;25,2;22,5;18,9;4,2;7,5;6,2;37,6;11,6;13,7;17,6;6605,6;4;10
06.07.2023;20,3;56,8;18,9;18,6;18;1,1;0;0;0;0;0;1;-4,5;945,8;87,1;0;90,8;27,3;24,3;19;1,9;3,6;5,3;35;8,2;10;16,9;6934,8;0;11
07.07.2023;13,6;49,7;21,8;21,8;18,3;1,2;0;1;0;0;1;1;-5,8;926,3;74;0;90,4;32,2;30,2;19,8;2,2;4,4;3,2;24,4;8,2;9,8;16,9;8334,7;0;14
08.07.2023;7,7;49,2;23,3;23,8;19;1,2;0;1;0;0;1;1;-5,3;889,8;11,7;0;72,7;33,6;31,1;20,2;2,9;4,9;3,8;31,4;11,7;14,7;17,9;6630,1;0;10
09.07.2023;8,5;51,6;25,6;25,9;19,9;1,1;0;1;0;0;1;1;-6;917,8;18;0;86,3;35,8;34,5;21,3;2,2;4,1;3;24;13,6;15,6;18,5;7649,8;0;12
10.07.2023;9;54,1;25;25,3;20,5;2;0;1;0;0;1;1;-6;786,5;25,1;0;73;33,7;31,5;21,4;3,5;6,2;5;33,5;16,4;18,9;19,6;6522;0;10
11.07.2023;18,4;56,7;26;25,7;20,6;1,8;0;1;0;1;1;1;7,8;883,5;100;7,6;96,1;37,2;35,5;21,9;3,5;6,6;3,9;25,8;13,1;15,5;19,3;7100,9;14,3;11
12.07.2023;27,8;69,6;22,9;22,5;21;2,6;0;0;0;1;1;1;-5,3;923;100;0,2;97,4;30,5;28,5;21,7;4,1;7,4;6;42;16,2;18,2;20,3;6867,2;0,3;11
13.07.2023;9,7;55,5;20,5;20,1;20,2;1,9;0;0;0;0;0;1;-4,8;805,9;20;0;88,9;28;24,8;20,8;4,3;6,6;5,2;36,5;12,6;14,2;19,6;6518,1;0;10
14.07.2023;20,8;58,4;20,7;20,8;19,6;1,1;0;0;0;0;1;1;-4,6;740,6;88,4;0;92,6;30,4;28,1;20,5;1,9;4;4,1;33,7;9,8;11,4;18,6;6309,7;0;9
15.07.2023;21,1;57,6;24,9;25,1;20,1;1,8;0;1;0;1;1;1;-2,2;822,9;100;1,5;93,8;37,8;35,3;21,2;5,6;8,6;2,8;24,9;13,8;16,2;18,9;6161,7;3,8;9
16.07.2023;30,1;70,5;20,7;20,1;20,5;1,6;0;0;0;1;1;1;11,4;944,8;100;13,4;96,2;27,6;25,1;21,1;2,8;5,2;6,2;45,7;15,9;16,4;19,9;6210;15,8;9
17.07.2023;10,3;58,9;20,8;21;20,2;1,7;0;0;0;0;1;1;-4,5;757;20,7;0;86;27,7;25,8;20,7;3,4;5,8;5,9;40,3;12,4;15,7;19,7;5885,3;0;8
18.07.2023;37,8;67,9;19,9;19,5;19,5;1,1;0;0;0;1;1;1;-2,9;808,2;98,8;0,9;95;27,8;26,1;20,2;1,9;3,3;6,4;44,2;10,3;11,5;18,7;5205;0,9;7
19.07.2023;33,5;61,1;22,3;22;19,8;2,6;0;0;0;0;1;1;-5,5;773,2;100;0,1;97,9;29,8;28;20,5;5,3;8,6;5,4;35,3;13,5;14,8;19,1;6898,4;0,1;11
20.07.2023;9;55,1;19,1;19,1;19,4;1,8;0;0;0;0;0;1;-4,7;771,1;14,3;0;81,2;27,1;24,5;20,1;2,8;5,4;5,2;34;10,9;12,7;18,7;6275,2;0;9
21.07.2023;26,6;71,9;16,8;16,6;18,9;1,4;0;0;0;1;0;1;-2,1;802,1;100;1;87,7;26,1;23,2;19,4;5,6;8,7;6,1;40;9,8;12,6;18,3;4636,3;1,5;6
22.07.2023;30,4;61,6;18,2;18,5;18,3;1,7;0;0;0;0;1;1;-4,6;847,4;100;0;96,1;27,6;25,1;19,1;3,7;7;5,7;36,2;8,4;9,9;17,3;6555,2;0;10
23.07.2023;13,4;50,7;20,1;21,1;18,3;2,1;0;0;0;0;1;1;-4,6;826,1;85,6;0;78,7;28,3;26;18,9;4,8;8,2;6,2;34,2;10,9;14,5;17,6;5038,9;0;7
24.07.2023;27,1;77,3;17,8;18,4;18,3;1,7;0;0;0;1;0;1;1,8;407,2;100;2,6;90,6;23;22,1;18,7;3,5;6,3;10,8;65,3;12,5;14,6;18;2272,6;4;0
25.07.2023;78;88,6;15,5;15,2;18;2,1;0;0;0;1;0;1;2,7;707,2;100;0,8;96,7;21,1;19,5;18,4;5,1;8,3;10,5;69,1;11,8;12;17,6;3602,9;5,2;3
26.07.2023;43,9;79,9;13,9;13,8;17,3;2,2;0;0;0;1;0;1;-1,9;590,4;97,8;0,4;95,2;19,2;17,8;17,7;4;6,7;9,6;53,2;8,4;10,9;17;3869,4;0,9;4
27.07.2023;43,9;80,2;15,8;16;16,7;1,1;0;0;0;1;0;1;-1,3;273,8;100;0,2;91,5;21,2;20,6;17,3;2,2;4;11,2;64,3;8,3;10,3;16,2;1974,2;0,5;0
28.07.2023;67,2;87,6;17,7;17,9;17,4;1,1;0;0;0;1;0;1;2,2;469,7;100;2,3;97,5;23,8;22,3;18,1;2,7;4,8;10,6;65,8;12,5;14,4;16,8;2465,8;4,3;1
29.07.2023;63;83,5;19,7;19,4;18,1;1,8;0;0;0;1;1;1;7,4;731,7;100;5,7;99;26,4;25,2;18,8;4,2;7,2;8,4;52,4;14,5;15,4;17,5;4578,8;11;6
30.07.2023;47,9;78,8;18;17,9;18,5;2,4;0;0;0;1;0;1;1,6;715,6;100;2,5;97,3;22,5;20,8;18,8;5,7;8,9;9,6;53,9;10,8;13,3;18,2;4840,5;5;6
31.07.2023;30,3;71,1;17,9;17,7;17,8;1,8;0;0;0;1;0;1;-1,5;719,4;100;1;93,5;24;22,7;18,3;3,4;6,1;8,5;52,2;10;11,8;17,1;4772,9;1,9;6
01.08.2023;33,1;72,3;18,3;18,2;18;3,1;0;0;0;1;0;1;0,3;928,5;99,6;2,8;92,5;23,5;21,6;18,4;5,8;9,4;8,7;51,4;14,1;15,1;17,7;4646,1;4;6
02.08.2023;47,5;81,2;17,8;17,8;17,7;2,5;0;0;0;1;0;1;6,6;696,3;100;3,1;93,3;25,3;24,5;18,2;4,6;8,9;10,5;61,2;12,9;14;17,2;2853;9,4;1
03.08.2023;14,6;66,7;18,4;18,2;17,8;3,4;0;0;0;0;0;1;-4,4;841,3;59;0;88,6;24;22;18,3;5,5;9,9;8,3;50;11,1;12,8;17,4;6218,6;0;10
04.08.2023;48,3;83,6;16,1;15,6;17,5;1,8;0;0;0;1;0;1;-0,9;688,7;99,9;1,6;94,2;22,7;19,5;18;3,5;5,4;9,8;63,7;9,9;11,3;16,9;4048,5;1,8;4
05.08.2023;26,1;77,1;17,6;16,8;17,8;1,7;0;0;0;1;0;1;-2,5;704,1;100;0,3;95,8;23,4;21,1;18,3;3;4,3;8,1;55,4;13,6;13,8;17,2;4245,3;0,5;5
06.08.2023;68,2;87,6;13,4;13,3;17,1;3,2;0;0;0;1;0;1;0,9;433;100;1;97,7;15,8;15,1;18;5,7;10,1;12,4;73,7;10;10,7;16,5;2873,1;2,8;1
07.08.2023;20,7;71,8;13,6;13,4;15,9;3,3;0;0;0;1;0;1;-2,6;566,8;100;0,2;92,3;18,3;17,1;16,4;5,8;9,5;9,8;55,6;9,9;10,2;15,6;3629,5;0,2;3
08.08.2023;11,3;65,4;16,6;16,4;16;2,2;0;0;0;0;0;1;-4;895,8;15,7;0;85,8;23,7;21,2;16,8;4,3;7,3;7,2;41,8;9,4;10,9;15,3;5706,8;0;9
09.08.2023;42,5;74;17,3;17,3;16,6;2,1;0;0;0;1;0;1;1,4;551,1;100;1,9;94,5;22,3;21,3;17,1;4,3;6,7;9,4;57,6;13,3;14,1;16,3;3244,4;4,1;3
10.08.2023;38,8;75,6;17,8;17,3;17,2;1,1;0;0;0;0;0;1;-3,9;869,5;100;0,1;98,8;27,4;24,7;18,5;1,8;3,4;5,8;45,9;9;10,2;16,1;6623,2;0,1;12
11.08.2023;34,2;66,8;21,4;21,2;18;1,1;0;0;0;0;1;1;-4,7;841,3;100;0;96,3;31,7;29,5;19,5;1,8;3,5;5;43,2;9,4;11,1;16,6;7060,4;0;13
12.08.2023;39;80,6;21,9;21,7;19,1;1,2;0;0;0;1;1;1;3,6;705;99,8;3,1;97,9;31,3;29;19,9;4,4;6,9;7,4;48,9;14,3;16,5;18,3;4419,6;7,1;6
13.08.2023;68,4;91,9;21;20,5;19,7;1;0;0;0;1;1;1;4,3;697;100;2,9;99,6;27,3;25,6;20,5;2,7;4,3;9,6;71,2;15,7;17,1;19;4157,6;7,2;5
14.08.2023;49,7;81,6;23,6;23,3;20,3;1;0;0;0;1;1;1;-1;725,8;100;2;99,5;31,5;29,6;21,3;2,5;4,3;7,6;57,4;16,3;17,3;19,4;5248,4;2,8;8
15.08.2023;45,9;76;23,3;23,3;20,9;1,5;0;0;0;0;1;1;-4,2;794,3;100;0;99;30,6;28,5;21,6;3,7;5,6;7,1;47,8;17,1;18,2;20,2;5598,6;0;9
16.08.2023;53,9;80,4;22,4;22,1;20,9;1,2;0;1;0;1;1;1;0;759,9;100;1,9;98;31,5;30,3;21,8;2,4;4,5;5,9;48,1;15,5;16,7;20;5274,3;4;8
17.08.2023;37,5;86,4;22;21,6;21;0,9;0;0;0;0;1;1;-2,9;718,6;98,2;0;98,6;29,6;27,5;21,5;2,4;3,8;8,1;59,9;16,8;17,4;20,4;3896,4;0;5
18.08.2023;26,8;64,7;23,7;23,9;21,1;1,1;0;1;0;0;1;1;-4,8;823,3;100;0;95,6;32,7;31,7;22;1,8;3,4;4,4;34,6;14,4;15,4;20,1;6796,9;0;13
19.08.2023;24,6;66,9;24,3;24,6;21,3;1,3;0;1;0;0;1;1;-4,7;809,6;86,9;0;93;36,5;33,8;22,2;3,8;5,9;3,8;32;14,7;16,5;20,2;5663,3;0;10
20.08.2023;37;73,2;24,7;25;21,7;1,1;0;1;0;0;1;1;-4,4;784,7;100;0;97,7;33;31,5;22,7;2,3;4;6,2;47,8;16,7;17,9;20,6;6104,8;0;11
21.08.2023;22,6;70,1;25,5;25,7;22,1;1,1;0;1;0;0;1;1;-4,4;777,1;86,4;0;95,8;32,7;31,5;23;2,2;4,1;6,3;47,4;17,5;19;21,2;5919,8;0;10
22.08.2023;19,3;68,6;25,1;25,2;22,2;1,3;0;1;0;0;1;1;-4,2;699;81,4;0;93,1;34,1;31,4;23;3,6;5,5;6,3;46,9;16,8;18,2;21,2;5418,9;0;9
23.08.2023;12,8;67,2;23,1;23,3;21,9;1,4;0;0;0;0;1;1;-4,3;764,2;45,3;0;91,7;32,4;29,5;22,7;3,6;5,5;6,7;44,4;15,9;17,3;21;5767,7;0;10
24.08.2023;22,1;72,8;22,9;22,7;21,4;1,6;0;1;0;1;1;1;6,8;744,4;95,6;11;92,2;35,3;33,3;22,4;5,3;8,5;5,6;38,7;14,6;16,2;20,4;4834,6;11,2;8
25.08.2023;34,6;81,8;21,2;21,5;21,1;1,9;0;0;0;1;1;1;7;394,6;100;3,6;95,1;27,5;26,5;21,5;4,6;7,9;9,9;62;17,5;18,7;20,7;2568,9;9,5;1
26.08.2023;59,9;91,3;18,1;17,8;20,6;1,3;0;0;0;1;0;1;19,6;257,2;100;7,8;98,3;21,2;20,2;21,1;3;4,8;12,5;77,8;14,7;15,2;20,1;1842,7;21,1;0
27.08.2023;64,5;92,3;16,5;16;19,6;1,3;0;0;0;1;0;1;4,4;322,3;100;3;99,4;20,8;19;20;2,3;4,2;12,1;77,2;13,5;13,8;19,3;1810,6;5,8;0
28.08.2023;56;87,2;14;13,8;18,6;1,8;0;0;0;1;0;1;-1;488,9;100;0,2;98,3;17,3;15,5;19,3;3,2;5,2;13;73,3;12,6;12,5;18,1;1836,1;0,4;0
29.08.2023;61,5;90,5;13,9;13,5;17,7;1,4;0;0;0;1;0;1;8,5;229;100;2,2;97,7;16,6;15,5;18,1;2,2;3,3;14;80,7;11,8;12,2;17,5;1583;9,7;0
30.08.2023;52,1;86,4;15;14,3;17,5;1,1;0;0;0;1;0;1;0,1;652,2;100;2;99,4;21,4;18,7;17,9;2,4;4,2;10;62,3;10,9;11,1;17;3430,3;2,2;4
31.08.2023;42,8;77,5;15;14,7;17,3;1,9;0;0;0;1;0;1;-1,6;588;99;0,7;97,1;19,3;18,1;17,6;4,1;6,6;9,7;54;10,5;10,9;17;3626,7;0,8;5
01.09.2023;37;80,8;17,9;17,7;17,7;1,8;0;0;0;1;0;1;0,3;575,4;100;1,4;95,3;24,6;22,9;18,4;3,7;6,5;9,8;60,9;13,6;14,5;17,2;3537,5;2,9;5
02.09.2023;49,7;78,3;19,4;19;18,2;1;0;0;0;0;1;1;-3,3;817,8;100;0;99,4;29,3;26,1;19,3;1,8;3,5;6,7;50,9;10,8;11,7;17,2;5479;0;10
03.09.2023;49;80,6;18,3;18,5;18,6;1;0;0;0;0;0;1;-2,8;654,2;100;0;98,7;25,5;24,1;19,4;1,9;3,5;8,4;58,3;12,7;13,4;17,8;4623,9;0;8
04.09.2023;39;67,9;19,1;19,5;18,5;1,7;0;0;0;0;1;1;-4,1;771,6;100;0;97,3;27,1;26,8;19,2;3;5,1;5,4;36,5;10,9;11,9;17,6;6100,2;0;12
05.09.2023;13;63,2;18,8;19,8;18,4;1,5;0;0;0;0;1;1;-3,9;772,4;35,2;0;86,3;27,4;26,8;19,3;2,6;4,7;5,9;41,9;10,2;12,1;17,5;6024,1;0;12
06.09.2023;38;69;18,1;18,8;18,2;1,2;0;0;0;0;1;1;-3,7;760,1;100;0;92,9;28,1;27,7;19,2;2,7;4,4;5,4;39,5;8,8;10,4;17;5981,8;0;12
07.09.2023;32,8;71,2;18,7;19,4;18,2;1,2;0;0;0;0;1;1;-3,7;752,9;100;0;95,9;28,6;28,4;19,4;2,4;4,3;6,6;46,3;9,3;11,1;17;5899,8;0;12
08.09.2023;40,7;72,5;19,5;20,1;18,5;0,9;0;0;0;0;1;1;-3,5;742,7;100;0;95,5;29,2;28,3;19,7;1,8;3,4;6,2;42;9,9;12;17,2;5790;0;12
09.09.2023;39,1;73,3;21,1;21,7;19;1;0;0;0;0;1;1;-3,5;717,8;100;0;96,5;30,4;28,9;20,2;2,3;4;6,4;47,5;12,6;14,4;17,8;5603,8;0;11
10.09.2023;31,8;71;21,3;22;19,5;1;0;0;0;0;1;1;-3,5;720,8;97,7;0;96,9;30,4;29;20,5;1,9;3,6;6,3;43,9;13,6;15,3;18,4;5433,2;0;11
11.09.2023;26,6;70,2;21,1;21,7;19,5;1;0;0;0;0;1;1;-3,5;716,6;91,7;0;94,3;31,1;29,3;20,6;1,9;3,8;5,9;43,5;12,5;14,2;18,4;5437,5;0;11
12.09.2023;33,3;70,4;21,3;21,9;19,5;1,1;0;1;0;0;1;1;-3,3;695,6;99,4;0;97,3;32;30,6;20,5;2,6;4,5;5,3;40,2;12,9;14,2;18,5;4461,2;0;8
13.09.2023;37,1;84,6;18,7;18,7;19,5;1,1;0;0;0;1;0;1;0,9;465,6;100;2,2;96,9;23,5;21,6;19,8;2,2;3,5;10,2;68,8;14,9;16,4;19,2;2286,3;2,6;2
14.09.2023;23,8;80,6;16,9;16,9;18,9;1,3;0;0;0;0;0;1;-2,4;655,9;83,2;0;96,1;22,7;21,4;19,3;2;4,1;8,2;58,1;11;12,8;18,5;3855;0;7
15.09.2023;38,1;77,5;17;17,3;18;1,2;0;0;0;0;0;1;-2,9;703,7;96;0;97,2;25,9;24,4;18,9;2,6;4,8;6,7;50,1;8,9;9,9;16,9;5241,7;0;11
16.09.2023;43,6;71,7;20;20,3;18,3;1,1;0;0;0;0;1;1;-3,3;708,2;100;0;97,5;28,8;28,4;19,4;2;3,8;5,4;39,7;10,9;12;17,1;5151,2;0;11
17.09.2023;20,5;69,3;20,7;21,6;19;1;0;0;0;0;1;1;-2,9;634,6;83,2;0;95,7;29,7;28,6;19,8;2,1;3,7;6;40,4;13,6;14,8;18;4223,1;0;8
18.09.2023;55,1;82;17,7;18,2;18,5;1,9;0;0;0;1;0;1;0,5;344,2;99,8;0,8;88,8;22,1;20,9;19;4,5;7,5;10,8;69,3;14,5;15,7;18,4;1642,5;2,2;1
19.09.2023;31,5;74,9;16,9;17;18,1;2,5;0;0;0;1;0;1;-1,1;629;100;1;94,2;23,1;21,2;18,5;5;8,1;8,9;51,8;10,5;13,5;17,7;4492,8;1,8;9
20.09.2023;27,3;68,4;17,5;17,8;17,5;1,1;0;0;0;0;1;1;-3;686,8;92;0;96,4;28,7;25,8;18,6;2,6;5,2;6,4;41,2;8,5;9,4;16,3;5249,2;0;11
21.09.2023;42;75,3;18,6;18,7;17,8;1,2;0;0;0;1;1;1;5,6;513,7;100;3,7;95;27,7;25,7;18,8;5,4;8,1;6,8;48,3;11,3;13,3;17;3344,2;8;6
22.09.2023;79,5;85,2;14,6;14,1;17,5;1,7;0;0;0;1;0;1;5,4;497,3;100;4,2;96;21,5;18,7;18,1;3,4;5,6;9,4;58,8;11,1;11,5;17;2608,6;7,2;4
23.09.2023;52,6;78,5;12,8;12,6;16,2;1,6;0;0;0;0;0;1;-1,9;593,6;100;0;95,7;18,5;16,9;16,9;3,1;5;9,2;54,8;7,2;8,1;15,6;3521,1;0;7
24.09.2023;45,4;75,9;12;12,2;15,6;1,1;0;0;0;0;0;1;-2,2;715,6;100;0;98,6;20,6;18,9;16,3;2,5;4,3;6,7;44,8;5,4;6;14,6;4916,7;0;11
25.09.2023;42,2;73,1;12,6;13,3;14,8;1,1;0;0;0;0;0;1;-2,4;675,4;92,8;0;95,4;22,2;21,4;15,9;1,8;3,7;6,9;45,1;3,9;5,2;13,6;4902,8;0;11
26.09.2023;49,5;77,3;14,7;14,9;15,1;0,8;0;0;0;0;0;1;-2,4;671,8;100;0;98,8;26,6;24,3;16,4;1,4;2,5;6;41,7;5,8;6,9;13,8;4869,2;0;11
27.09.2023;47,4;77,5;15;15,6;15,4;0,9;0;0;0;0;0;1;-2,4;662,5;100;0;98,8;27,7;24,7;16,7;1,7;3,1;6,4;45,7;6,4;8;14,2;4671,5;0;11
28.09.2023;35,2;69,1;17;17,7;15,8;0,8;0;0;0;0;1;1;-2,5;645,3;84,4;0;96,3;28,7;28,1;17,1;1,3;2,3;4,4;28,4;8,6;10,3;14,7;4413,6;0;10
29.09.2023;20,5;71,5;18;18,3;16,2;2,2;0;0;0;0;1;1;-3;624;80,6;0;94,7;28,9;26,8;17,3;4,7;7,5;7,5;46,5;9,1;10,7;15,1;3798,8;0;8
30.09.2023;16,9;79;14,9;15,2;16,4;1,2;0;0;0;0;0;1;-1,8;506;43,8;0;95,6;21,3;19,6;17;2,2;3,8;8,6;57,4;8,3;10,1;15,9;3166,5;0;6
01.10.2023;40,6;74,7;14,5;14,7;15,5;0,8;0;0;0;0;0;1;-2,2;621,2;96,1;0;98,2;26,5;24,9;16,6;1,5;3,1;5,7;36,8;6,1;7,1;14,3;4378,6;0;10
02.10.2023;29,9;70;16,2;17,3;15,6;0,8;0;0;0;0;1;1;-2,4;622,1;86;0;96,7;30,9;27,9;16,9;1,4;2,3;4,9;32,9;7,1;8,7;14,3;4356,9;0;10
03.10.2023;24,1;72,4;16,8;17,9;15,9;2,6;0;0;0;1;1;1;0;507,3;66,1;2,9;90,6;27,5;26;16,8;6,1;9,6;8;46,5;9,5;10,9;15,1;3214,8;3;7
04.10.2023;50,1;79,6;11,5;12;15;1,2;0;0;0;0;0;1;-1,7;605,5;99,3;0;97,6;19,7;17,6;15,9;2,2;3,9;8,4;52;5,6;7,3;14,2;3779,9;0;9
05.10.2023;51;85,1;10;10,1;13,9;0,8;0;0;0;0;0;1;-1,2;468,4;93,7;0;98,5;17,7;15,8;14,5;1,6;3,2;10,2;62,7;4,9;5,7;13,1;2284,2;0;4
06.10.2023;49,8;80,4;11,1;11,4;13,5;1;0;0;0;0;0;1;-1,7;623,6;100;0;99,4;23,5;20,2;14,6;1,7;3,1;7,7;49,3;3,4;4;12,3;3928,8;0;10
07.10.2023;41,7;67,6;12;13,2;13,2;1,1;0;0;0;0;0;1;-1,7;393,6;93,7;0;97,6;21,1;20,6;14;2,4;3,7;8,4;40,5;2,7;4,2;12,2;2571,3;0;5
08.10.2023;10,4;61,1;14,6;16,1;13,9;1,1;0;0;0;0;0;1;-2;455,7;13,8;0;85,5;26,8;24,9;14,9;2,3;4;6,8;37,6;7,4;9,6;13;2664,2;0;5
09.10.2023;11,8;65,5;15,1;16,4;14,1;1;0;0;0;0;0;1;-1,8;268,9;21,2;0;91,2;24,5;24,2;14,9;1,9;3,3;7,5;35;7,4;9,5;13,4;1736,2;0;2
10.10.2023;22,4;73,9;13,6;15;14,3;0,8;0;0;0;0;0;1;-1,6;466,1;81,2;0;94,9;24,2;23,4;15,2;1,4;2,4;7,9;46,2;6,4;8,9;13,4;2954;0;7
11.10.2023;33,8;66,4;15,4;16,6;14,2;1,3;0;0;0;0;1;1;-2,4;575,1;86,7;0;96,9;28,9;26,6;15,4;3,6;5,8;6,2;32,1;5,4;7,8;13;3859,4;0;10
12.10.2023;10,7;61,3;16,4;18;14,4;1,3;0;0;0;0;0;1;-1,7;197,7;13;0;81,9;21,5;22,2;15;2,7;4,2;8,9;45,6;9,8;12,9;13,8;1213,8;0;1
13.10.2023;8,6;46,7;18,5;20,2;15;2;0;0;0;0;1;1;-3,2;599,3;12,2;0;75,4;29,4;27,6;15,9;4,7;7,6;5,4;24,5;9;12,2;14,1;3581,1;0;9
14.10.2023;32,2;75,5;14,2;14,5;15,1;3,1;0;0;0;1;0;1;3;276,1;97,8;1,6;91,1;20,2;21,1;15,5;4,8;8,3;7,2;37,2;5,5;7,1;14,1;1193,8;5,7;1
15.10.2023;43,3;80,1;6,9;7;13;2,1;0;0;0;1;0;1;-0,9;523,6;97,3;0,2;94,5;12,7;11,3;14;4,6;7,3;9,6;51,6;0,9;2,2;12;2727,7;0,4;6
16.10.2023;43,4;76,4;5,4;5,3;11;1,3;1;0;0;0;0;1;-1,2;560,9;92,6;0;98,1;13,3;11,8;11,8;2,5;4,4;8,1;46,5;-1,8;-1;10,1;3651,2;0;10
17.10.2023;37,1;83,9;4,9;5,1;10,3;1;0;0;0;0;0;1;-0,8;349;81,8;0;96,2;11,4;10,9;10,9;1,7;2,9;10,5;67,8;-1;0;9,5;1855,7;0;3
18.10.2023;74,5;88,5;7,5;7,3;10,2;1,1;0;0;0;1;0;1;4,8;424,6;100;1,9;98,6;15,1;13,6;11;1,9;3;9,6;58,1;0,7;1,5;9,4;1832,6;5,8;3
19.10.2023;100;97,7;12,5;12,5;11,7;0,8;0;0;0;1;0;1;5,7;237,8;100;1,9;99,5;15,7;14,9;12,5;1,5;2,5;100;91,7;9,1;9,2;11,1;945;6,3;0
20.10.2023;91,2;90,5;12,7;13;12,7;1,7;0;0;0;1;0;1;2,7;170,9;100;2,3;99,6;16,5;16,7;13;5,2;8,8;12,5;70,5;9,2;10,4;12,5;915,5;3,7;0
21.10.2023;39,8;76,4;12,5;13,2;12,6;1,9;0;0;0;0;0;1;-1,3;367,5;100;0;96,2;16,8;15,9;13,1;4,4;7,7;10,7;58,2;7,4;9,6;12,3;2254,9;0;5
22.10.2023;42,7;79,6;9,7;10,6;12;1,6;0;0;0;0;0;1;-1,3;508,1;92,9;0;94,6;18,4;16;12,6;3,8;6,2;9,7;53;4,4;6,9;11,4;2923,8;0;8
23.10.2023;64,6;90,7;8;8,4;11;0,9;0;0;0;0;0;1;-0,6;158,5;100;0;99,2;12,9;12,8;11,7;1,7;3;13,9;79,2;1,4;2,5;10,2;1000,2;0;0
24.10.2023;73,9;96,3;10,7;10,6;11,7;0,8;0;0;0;1;0;1;12,7;68;100;1,9;98,1;12,7;12;12;1,7;2,8;16,6;91,9;9,1;9,3;11,4;394,8;13,2;0
25.10.2023;82;90,4;10,2;10,4;11,6;2;0;0;0;1;0;1;8;257;100;4,8;100;15,7;15,3;11,9;4,3;7,2;13,7;69,8;4,3;4,8;11,1;1405,7;9;2
26.10.2023;82,1;91,7;10,3;10,5;11,7;1,1;0;0;0;1;0;1;5;340,9;100;2;98;15,3;13,5;12;2,3;3,9;14,7;82,4;5,6;7,3;11,3;937,7;5,6;0
27.10.2023;72,8;89,9;10;10;11,9;2;0;0;0;1;0;1;3,3;461,6;100;1;97,6;14,4;12,9;12,1;4,6;7,5;13,7;76,3;7,5;8,6;11,7;1869,1;4,1;4
28.10.2023;47,4;80,9;10,1;10,5;11,6;2;0;0;0;1;0;1;-0,7;336,6;100;0,3;93,8;14,4;13,3;11,8;3,7;6,3;12,1;66,7;7;8,2;11,3;1463,9;0,3;3
29.10.2023;18,5;76,7;11,5;12,2;11,5;1,4;0;0;0;0;0;1;-1,4;255,5;51,9;0;95,1;19,7;19,4;12;3,4;5,6;9,3;42,3;5,6;7,6;11,1;1174,7;0;2
30.10.2023;58,1;89,1;12,1;12,1;12,1;1,2;0;0;0;1;0;1;6,8;281;100;2,5;97,5;15,4;14,5;12,4;2,4;4,1;12,3;74,6;8;9,5;11,8;1385,4;7,5;3
31.10.2023;96,4;88,9;9,9;9,9;12;2;0;0;0;1;0;1;0,4;268;100;0,7;95,1;12,7;11,9;12,3;3;5,5;84;78;7,3;8,1;11,8;1239,9;1,1;2
01.11.2023;39,4;75,9;10,1;10,7;11,6;1,4;0;0;0;0;0;1;-0,9;398,8;84,6;0;95,8;16,7;15;12;4,4;7,1;9,1;61,3;4,9;6,3;11,2;2012;0;6
02.11.2023;72,4;87,8;7,3;8;10,9;1,7;0;0;0;1;0;1;5,9;91,2;100;2;95,2;10,1;10;11,6;4,1;6,8;15,4;81;2,9;5,3;10,7;403,1;6,5;0
03.11.2023;50,6;88,2;5;5,6;10;1,6;0;0;0;0;0;1;-0,5;181,8;86,3;0,1;96,4;8,9;8,2;10,6;3,6;5,7;11;75,5;0,7;3,1;9,7;899,2;0,1;1
04.11.2023;53,4;82,8;5,7;6,4;9,1;2,6;0;0;0;1;0;1;-0,2;290,5;97,5;0,4;95,7;10,3;9,6;9,6;5,8;9,8;10,7;67,3;-0,1;2,1;8,7;1189,5;0,7;2
05.11.2023;41,6;80;9;9,5;9,5;4,1;0;0;0;1;0;1;3,3;308,1;97,9;1,2;90,8;12,1;11,5;9,8;7,3;11,2;10,6;65,3;6,4;7,3;9,2;1354,4;4,5;3
06.11.2023;63,4;83;8,5;8,9;9,7;2,6;0;0;0;1;0;1;0,1;362,7;100;0,5;92,5;12,7;11,7;10;4,8;8;10,4;68,7;5,2;6,7;9,4;1520,3;1;4
07.11.2023;45,1;85;5,8;6,5;9,2;2,2;0;0;0;0;0;1;-0,7;267,3;92,4;0;96,1;11;10,2;9,7;4,8;8;10,5;71,6;1,3;3,4;8,8;1570,2;0;4
08.11.2023;14,7;81,3;5,4;6,5;8,8;1,8;0;0;0;0;0;1;-0,7;374,8;34,6;0;92,2;12,3;10,4;9,3;4,1;6,9;10,2;65,6;0,5;3,9;8,4;2017;0;7
09.11.2023;14,8;79,6;5,8;6,9;8,2;2,5;0;0;0;0;0;1;-0,9;268,4;49,3;0,1;87,5;12;11,4;8,6;6,2;9,7;10;66,8;0;3,1;7,7;978,2;0,1;2
10.11.2023;56,5;82,8;6,7;6,8;8,6;2,4;0;0;0;1;0;1;1,6;333,6;100;1,1;91,5;9,6;8,5;8,8;3,8;6,5;10,7;71,3;4,8;5,8;8,4;1326,6;2,3;3
11.11.2023;36,8;83,8;5;5,2;8,2;2,9;0;0;0;1;0;1;0,9;272;84;0,5;91,2;8,3;7,5;8,5;5,5;9,7;10,6;67,2;1,2;2,9;7,8;1245;1,7;3
12.11.2023;59,2;92;3,6;3,4;7,5;1,1;0;0;0;1;0;0;6,7;168,1;100;2,2;98,6;7,4;6,5;7,7;2,4;4;11,2;78,4;-0,2;0,6;7,1;884,4;7,1;1
13.11.2023;73,4;94;10,4;10,4;8,3;2,8;0;0;0;1;0;1;6,2;69,1;100;1,2;99,5;13,6;13,9;9,5;5,3;9,1;17,8;86,7;4,9;4,4;7,5;370,2;6,8;0
14.11.2023;28,9;85,4;9,2;9,6;9,4;2,5;0;0;0;1;0;1;2,6;92;94,3;2,6;95,3;10,8;11;9,7;5,1;8,1;11;75,3;6,9;8,5;9,2;475,1;3,4;0
15.11.2023;43,8;84;8,6;8,7;9,3;3,1;0;0;0;1;0;1;1,1;364,6;93;1,6;94;12,1;11,1;9,5;5,8;9,3;10,6;72,4;6;6,9;9,1;1547,1;1,9;5
16.11.2023;49,4;92,1;6,6;6,5;8,7;1,6;0;0;0;1;0;1;31,7;121,5;100;5,2;99,5;8,8;8;9;3;4,4;11,4;82,9;5;5,4;7,6;536,6;32,2;0
17.11.2023;100;94,6;4,6;4,4;7,2;2,3;0;0;0;1;0;0;10,1;128,5;100;2,3;99,1;6,5;5,7;7,5;4,3;6,7;100;89,8;2;2,8;7;591,4;10,5;0
18.11.2023;96,4;89,6;5,2;5;7,1;1,3;0;0;0;1;0;1;1;194,5;100;0,8;98,3;7,9;7,3;7,5;2;3,4;79,5;78;1,3;2,2;6,8;976,2;1,4;2
19.11.2023;57,8;86;10,6;10,8;8,3;2,8;0;0;0;1;0;1;8,4;358;100;2,6;96,9;15;14,2;9;4,5;7,6;10,4;68,4;7;6,9;7,5;1238,2;9,3;4
20.11.2023;37,6;81,5;8,8;9;8,6;2,4;0;0;0;1;0;1;2,4;359,4;100;1,5;94,6;12;11;9;4,9;8,1;10,5;71,7;6,2;6,8;8,4;1464,9;3;5
21.11.2023;100;94,8;7,2;6,9;8,6;1,5;0;0;0;1;0;1;1,6;149,4;100;1,4;96,6;9;8;8,8;2,5;3,8;100;90,3;5,7;6,2;8,4;638;2;1
22.11.2023;88,1;88,5;2,2;1,7;7,8;2;1;0;0;1;0;0;0,3;89;100;0,5;96,9;6,7;6,4;8,6;3,7;6,1;43,3;80,8;-1,6;-1;7,1;316,1;0,8;0
23.11.2023;39,3;88,6;2,8;2,8;6,4;2;1;0;0;0;0;0;-0,4;142,8;82;0;95,2;6,6;6,5;6,9;3,6;5,4;11,7;82,9;-2,6;-1,4;5,8;818,2;0;2
24.11.2023;65,7;90,2;4,6;4,4;6,7;4,1;0;0;0;1;0;0;14,3;218,5;100;4,9;97;7,6;6,9;6,9;5,5;9,5;11,7;80,5;1,4;1,7;6;659,7;14,9;1
25.11.2023;38,1;88,3;2;1,7;5,5;3,9;1;0;0;1;0;0;2,1;250;88;1;93,2;4,5;3,4;5,9;5,5;9,1;11,2;78,6;-0,2;0;5,3;917;2,6;2
26.11.2023;48,3;90;2,3;2,1;5,4;2,1;1;0;0;1;0;0;-0,2;300,3;85,3;0,2;97;5,1;4,2;5,6;4,8;7,7;11,8;76,9;-0,5;-0,4;5,1;1046,1;0,2;3
27.11.2023;37,1;88,2;1,9;1,9;5,3;2,2;0;0;0;1;0;0;1,4;122,3;87,6;0,7;95,3;4,7;4;5,5;4,2;6,9;10,7;71,2;-0,5;0,2;5,1;468,7;2;0
28.11.2023;66,4;92,6;0,9;0,6;4,9;3,4;1;0;0;1;0;0;4,1;87,1;99,5;1,3;95,6;3,8;3,5;5,2;5,3;7,8;16,9;88,1;-2;-2,2;4,4;292,3;4,5;0
29.11.2023;43,7;85;-0,7;-0,4;4;1,5;1;0;0;0;0;0;-0,2;214,4;87,1;0,1;96;2,6;1,9;4,4;4,1;6,5;16,2;73,7;-4,4;-3,4;3,8;816,3;0,1;2
30.11.2023;19,3;92,5;-0,5;-0,4;3,7;0,5;1;0;0;0;0;0;-0,3;101,5;37,8;0;96,6;2,1;1,5;4;0,7;1,2;12,5;84,9;-3,4;-3;3,4;404,7;0;0
01.12.2023;89,1;98,7;0,3;-0,1;4;1,3;1;0;0;1;0;0;6,9;48,8;100;1,5;99,9;0,9;0,9;4,1;2,7;4,4;12,7;96,3;-0,4;-1;3,9;240,1;7,2;0
02.12.2023;80,9;95,8;-2,6;-3,3;3,6;2,8;1;0;1;0;0;0;-0,2;64,6;81,1;0;99,8;-0,6;-1,2;3,9;3,9;5,8;80,8;91,8;-4,6;-5,2;3,5;282,1;0;0
03.12.2023;63,7;89,5;-6,5;-4,9;3,2;1;1;0;1;1;0;0;10,1;408,4;87,1;5,9;97,5;-0,4;-1,5;3,5;1,9;2,9;33,1;77,2;-13,7;-8,6;2,8;2141,8;10,2;11
04.12.2023;39,6;93,3;-5;-4,5;2,5;0,9;1;0;0;0;0;0;-0,2;115,8;88,5;0;96,5;0,7;0,5;2,8;1,8;2,9;33,4;85,2;-11,8;-8,4;2,4;547,1;0;0
05.12.2023;53,8;85,6;2,9;3,4;2,8;2,7;0;0;0;1;0;0;1,9;345;95,2;1,2;93,7;5,5;5,8;3,2;4;6,5;11;75,2;0,5;0,4;2,6;1673,8;2,2;8
06.12.2023;63,9;89,5;2,5;2,4;3,5;2,3;0;0;0;1;0;0;0,1;48,4;100;0,3;92;3,4;3,2;3,7;4,1;6,4;11,8;85;0,4;0,9;3,2;243,7;0,6;0
07.12.2023;24,9;81,9;0,3;0,5;3,2;1;1;0;0;0;0;0;-0,1;335,7;89,6;0;96,9;5;4;3,6;2;3,3;7,6;57,1;-3,6;-2,3;2,9;1697,3;0;8
08.12.2023;78;92;2,8;2,6;3,2;0,8;1;0;0;1;0;0;2,8;81,8;100;1,3;97,8;6,1;5,8;4;1,3;2,5;7,6;81,8;-1,1;-0,9;2,8;322,7;3,2;0
09.12.2023;100;92,9;5,3;5,4;4,4;1,9;0;0;0;1;0;1;7;148,6;100;2,9;98,4;7,6;7,7;5;4,3;6,7;100;84,1;3;4;4;617,6;7,4;1
10.12.2023;41,1;75,4;7,5;7,8;5,4;3,7;0;0;0;1;0;1;1;209,7;100;1;90,1;8,5;8,9;5,6;6,1;10,1;9,9;55,6;6,2;6,3;5,1;679,1;2,2;1
11.12.2023;55,8;83;8,2;8,7;6;2,4;0;0;0;1;0;1;-0,2;215,9;100;0,3;94;11,5;11,4;6,5;5,6;8,7;10,5;65,9;5,9;6,6;5,6;723,6;0,6;2
12.12.2023;60,8;94;6,7;7,1;6,1;1;0;0;0;1;0;1;12,8;66,7;100;3,2;98,5;9,1;9,2;6,6;3;5,4;11,8;86,5;3,9;5;5,7;294,6;13,2;0
13.12.2023;100;94,5;6,4;6,3;6,5;1,3;0;0;0;1;0;1;13,4;293,5;100;3,3;98,4;10,2;8,9;6,8;2,8;4,8;100;87,4;4,1;4,2;6,2;816,6;13,6;2
14.12.2023;100;95,2;5,4;5,1;6,3;1,8;0;0;0;1;0;1;7;229;100;2,1;98,2;8,6;7,6;6,6;3,2;4,9;100;84,1;3,5;3;6,2;629,4;7,3;1
15.12.2023;100;94,1;4,2;3,9;5,9;1,4;0;0;0;1;0;0;1,3;153;100;0,8;97,9;6,4;5,8;6,2;2,9;4,4;100;85,5;2;1,9;5,6;595,9;1,6;1
16.12.2023;100;95,2;3,1;3,1;5,8;0,7;1;0;0;0;0;0;-0,2;130,2;100;0,1;99,4;6,7;5,8;6,2;1,1;1,5;100;81,5;-1,2;-0,5;5,3;565;0,1;1
17.12.2023;86,9;94,2;0,7;1;4,4;0,6;1;0;0;0;0;0;0;313,6;100;0;99,9;9,3;6,9;5,2;1,1;1,7;63,8;80;-2,9;-2,6;3,9;1635;0;8
18.12.2023;89,7;90,5;0,8;1,4;3,5;0,6;1;0;0;0;0;0;0,1;315,5;100;0,1;99,5;10,2;8,8;4;1,1;1,7;65,8;67,2;-3,5;-2,9;3,2;1734,6;0,1;9
19.12.2023;87,6;91;0,2;0,6;3;1;1;0;0;0;0;0;-0,1;296,6;100;0;98,2;4,7;5,1;3,4;2,5;4;59,1;83;-3,4;-2,2;2,7;1132,6;0;5
20.12.2023;65;87;4,6;4,4;4;3,4;0;0;0;1;0;0;3,3;271,5;100;1,7;97;6;5,7;4,4;4,7;7,6;11,8;75,2;3,6;3,7;3,3;704,8;3,8;2
21.12.2023;26,5;87;6,6;6,6;4,7;5,8;0;0;0;1;0;1;1,3;53;100;1,2;94,5;8,4;8,8;5,6;7,9;12,7;11,6;75,3;4,3;4,3;4,1;233,9;2,2;0
22.12.2023;47;83,2;7,2;7,3;5,6;6,5;0;0;0;1;0;1;5,6;43,4;97,1;3,5;92;8,5;8,7;6;7,7;12,7;11,3;75,2;6;6;5,4;181,2;6,6;0
23.12.2023;16;82,7;7,3;7,3;6;5,4;0;0;0;1;0;1;-0,1;56,4;61,4;0,6;87,9;8;7,9;6,1;6,9;11,5;11,1;78,2;6,8;6,8;5,9;302,1;0,9;0
24.12.2023;11,1;79,2;8,6;8,6;6,3;5,6;0;0;0;0;0;1;-1,4;118,3;11,9;0;83,5;10;10,2;6,7;7,3;11,7;10,5;68,2;7,3;7,3;5,9;430;0;0
25.12.2023;10,3;69,6;8,9;9;6,6;3,6;0;0;0;0;0;1;-1,2;324,3;10,8;0;79;11,4;10,3;6,9;5,3;8,8;9,9;59,2;7,2;7,6;6,1;1108,7;0;5
26.12.2023;11,1;80,6;7,3;7,4;6,4;2,5;0;0;0;0;0;1;-0,7;121,1;12,1;0;87;9;8,6;6,6;4,4;6,9;10,6;76,1;5;5,9;6,1;539,8;0;0
27.12.2023;21;81,9;5,1;6,1;6,2;0,9;0;0;0;0;0;1;-0,2;295,4;76,6;0;97,5;11;10,2;6,5;1,8;3;9,6;60,2;0,8;3,5;5,7;1187,7;0;5
28.12.2023;10,5;68,1;7,5;8,5;5,5;2;0;0;0;0;0;1;-1,1;71,1;12,9;0;87,4;10,5;10,3;6,2;3,6;5,9;9,1;48,6;1,8;5,4;4,9;281,9;0;0
29.12.2023;24,2;80,9;8,3;8,6;6,5;2,8;0;0;0;1;0;1;-0,5;280,9;83,1;0,1;92,7;11,6;11,1;7,1;4,4;7,5;10,4;67,4;5,2;6,3;6,2;1070,3;0,2;4
30.12.2023;22,1;82,9;6,8;7,4;6,5;1,9;0;0;0;1;0;1;-0,2;303,3;75,6;0,2;94,8;11,2;10,1;6,9;3,7;6,1;10;68;1,4;3,6;6,2;1210,3;0,2;5
31.12.2023;79,4;88,8;3,5;4,2;5,5;1,7;0;0;0;1;0;0;1;138,1;100;0,9;97;7,1;6,9;6,2;4,2;6,8;11,3;81,8;-0,2;1,5;5,1;441,3;1,4;0
01.01.2024;24,2;77,7;5;5,1;5,2;2,9;0;0;0;0;0;1;-0,7;222,7;66;0;86,9;7,7;7;5,4;5,3;10,5;10,4;67,2;2,5;3,3;4,8;1157,1;0;4
02.01.2024;13,7;85;7,1;7,2;5,6;4,6;0;0;0;1;0;1;1,8;132,2;25,8;0,6;91,7;9,2;9,4;6,4;6,5;12,4;10,6;73,8;5,3;5,4;5,1;459;2,7;0
03.01.2024;17,7;82,2;8,2;8,4;6,5;5,3;0;0;0;1;0;1;3,8;194,8;72,4;2,1;91,6;10;9,8;6,8;7,1;14,9;11;75,7;7;7,2;6,3;787,8;4,7;1
04.01.2024;24,1;85,8;5,7;6,1;6,2;3,2;0;0;0;1;0;1;3,4;249,5;86,2;1,8;94,8;8,6;8;6,5;5,3;10,9;10,6;73,8;1,4;3,1;5,8;1157,2;3,9;4
05.01.2024;18,3;86,5;4,4;5,2;5,4;1;0;0;0;0;0;1;-0,4;113,7;54,8;0;95,3;8,2;7,9;5,8;1,8;3,4;10,8;76,4;1,1;2,5;5,1;544,9;0;0
06.01.2024;23,1;91,2;3,8;3,7;5,4;1,4;0;0;0;0;0;0;-0,4;94,1;80,2;0;97,2;5,2;4,6;5,6;2,6;4,5;11,8;82,7;2,1;2,7;5,2;371,9;0;0
07.01.2024;53,8;92,7;1,3;0,8;4,9;2,9;1;0;0;1;0;0;0,6;43,6;100;0,5;95,9;3,9;3,6;5,4;3,6;6,9;13;86,4;-3;-3,7;3,9;156,5;1;0
08.01.2024;11,4;78,4;-3,3;-3,8;3;3,2;1;0;1;0;0;0;-0,4;122,6;13;0;90,6;-2,4;-2,9;3,7;3,7;7,2;10,9;73;-5,7;-5,9;2,5;574,9;0;0
09.01.2024;10,8;69,2;-5;-4,9;2;2,2;1;0;1;1;0;0;-0,2;331;11,6;0,2;85,4;-0,6;-1,1;2,4;3,9;7,2;9,2;51,6;-7,3;-7,3;1,8;1653,4;0,2;7
10.01.2024;11,3;78,1;-3,9;-4,1;1,6;1;1;0;1;0;0;0;-0,1;322,7;14,4;0;91,1;1,3;-0,1;1,7;1,6;3,4;9,5;69,8;-7;-6,7;1,5;1675,3;0;7
11.01.2024;15,3;87,7;-4,7;-4,7;1,3;1;1;0;1;0;0;0;-0,1;325,4;19,1;0;95,8;1;-0,3;1,5;1,8;3,3;10,5;71,9;-8,2;-7,9;1,2;1690,7;0;7
12.01.2024;16,6;91,5;-5;-5,4;1,1;1,2;1;0;1;0;0;0;-0,1;316,5;19,2;0;97,5;0,5;-1,4;1,2;2,6;4,7;12,5;77,2;-8,9;-8,8;1;1638,5;0;7
13.01.2024;15;96,1;-3,9;-4,7;1;1,4;1;0;1;0;0;0;-0,2;65,2;16,4;0;97,7;-2,9;-3,7;1;2,4;4,2;13;90,9;-4,6;-5,5;0,9;344,8;0;0
14.01.2024;12,6;87,2;-2,9;-3,7;0,9;1,6;1;0;0;0;0;0;-0,3;361,9;14,7;0;95,9;2,8;1,2;0,9;3,9;6,4;9,7;65,2;-5;-5,7;0,9;1619,5;0;6
15.01.2024;12;82,3;-1,4;-1,4;0,8;3,5;1;0;0;0;0;0;-0,6;91,9;13,3;0;95,3;0,7;0,2;0,9;5,1;9,8;11;71,8;-2,7;-2,8;0,8;449,2;0;0
16.01.2024;11,4;76,3;-3,7;-3,1;0,8;1,4;1;0;0;0;0;0;-0,2;352,7;13,8;0,1;89,5;3,3;1,3;0,8;3,4;6,5;8,5;56,4;-8,5;-7;0,7;1734,4;0,1;7
17.01.2024;68,4;92,5;1,8;1,8;0,7;1,6;1;0;0;1;0;0;6,9;129,1;100;3,3;98,1;8,5;9,4;0,7;4,3;8,5;13,2;86,9;-6,3;-6,2;0,5;499,2;7,3;0
18.01.2024;85,1;94,8;2,2;2,1;0,7;2,9;1;0;0;1;0;0;7,4;53,7;100;2,1;98,1;7,9;8,5;0,7;4,4;8,2;54,4;90,4;-2,2;-2,5;0,6;268,1;7,8;0
19.01.2024;82;90,3;-1,6;-2,2;0,8;1,1;1;0;0;1;0;0;3;436,1;100;2,7;95,8;2,3;0,6;0,8;2;4,5;74,3;76,3;-3;-3,6;0,7;1784;3,1;7
20.01.2024;49,3;89,8;-3,1;-3,7;0,8;1,2;1;0;1;0;0;0;-0,2;378,8;84,1;0;96;1,3;-0,1;0,9;2,1;4,1;18,5;76,1;-5,9;-5,5;0,8;1794,6;0;7
21.01.2024;27,6;75,2;-1,4;-1,1;0,8;1,1;1;0;0;0;0;0;-0,4;290,1;77,8;0;91,8;6,3;5,3;0,9;1,7;3,5;10,6;57,4;-7,5;-6,7;0,8;1416,2;0;4
22.01.2024;31,1;76,3;4,8;5,6;1;2,9;0;0;0;1;0;1;2;112,9;100;1,2;94,4;10,1;10,5;1,5;5,5;10,4;10,2;58,3;-1,3;0,5;0,8;519,3;3,1;0
23.01.2024;52,2;84,3;5,4;5,4;2,3;3;0;0;0;1;0;1;2,4;389,5;99,2;1,3;93,4;8,4;7,4;3;4,9;9,1;10,9;70,8;2,6;2,9;1,6;1240,5;3,1;3
24.01.2024;11,4;76,1;9,7;10;4,3;4,1;0;0;0;0;0;1;-1,3;161,1;15,6;0;86,5;12,1;11,9;5,4;6,7;12,5;10,2;67,2;6,9;7,4;3;748;0;0
25.01.2024;10,8;78,5;8,7;8,5;5,2;2;0;0;0;0;0;1;-0,6;416,3;13,1;0;95,3;12,7;10,7;5,7;5,4;8,7;9;62,8;4,6;5,9;4,7;1979,6;0;7
26.01.2024;19,1;86,6;7,7;7,9;5,7;2,6;0;0;0;1;0;1;0,6;108,9;65,5;1,2;95,1;10,9;10,6;6,3;4,4;9,6;11;79,8;1,4;2,4;5,4;567,5;1,3;0
27.01.2024;34,4;83,9;1,8;1,8;4,2;0,9;1;0;0;0;0;0;-0,2;410,2;84,3;0,1;96,6;9;7,2;5,4;1,8;3,4;8,8;60,8;-1,9;-1,8;3,6;2368,7;0,1;9
28.01.2024;25,9;79,3;1,9;2,1;3;0,7;1;0;0;0;0;0;-0,4;408,8;84;0;97,3;11,6;10,7;3,5;1,2;2,7;7,5;44,8;-3,6;-3,3;2,5;2382,7;0;9
29.01.2024;17,7;77,1;2,7;3,2;2,7;0,7;1;0;0;0;0;0;-0,4;394,8;61,6;0;96,1;12,3;11,4;3,4;1,3;2,7;7,7;50,1;-3;-2,8;2,1;2151,4;0;8
30.01.2024;25,2;81,4;4,1;4,6;3;0,6;1;0;0;0;0;0;-0,5;235,7;75,7;0;96;13;12,2;3,9;1,3;2,6;8,8;53,2;-1,4;-1,1;2,3;1466,8;0;4
31.01.2024;15,9;87,8;6,6;6,7;4,3;0,8;0;0;0;0;0;1;-0,5;176;47,6;0;95,9;10;9,3;5,1;1,6;3,4;10,4;78,8;4,5;5,1;3,8;882;0;0
01.02.2024;68,9;90,8;6,4;6,6;5,1;2;0;0;0;1;0;1;3,3;125,3;100;1,4;98,2;9,1;8,5;5,6;3,3;7,8;11,1;76,3;2;2,7;4,8;463,8;3,9;0
02.02.2024;62,5;81,4;5,6;5,7;4,7;2;0;0;0;1;0;1;0,6;428,1;100;1,3;96,6;10,5;9,7;5,4;4,2;6,8;10,3;65,9;1;1,4;4,1;1622,6;1,3;4
03.02.2024;11,6;80,4;5,4;5,6;4,5;1,4;0;0;0;0;0;1;-0,7;244,2;18,1;0;91,3;10,4;9,3;5,3;2,6;5;10,1;66,6;-0,3;0,4;3,7;1311,2;0;2
04.02.2024;11,2;82,9;7,4;7,3;5,4;3,1;0;0;0;0;0;1;-0,9;370,5;13,7;0;90,7;11,7;10,5;6,2;4,9;9,5;10,1;74,2;4,4;5,1;4,9;1565,2;0;4
05.02.2024;10,9;76,7;7,6;7,7;5,7;2,2;0;0;0;0;0;1;-1;450,6;13,1;0;90,9;12,7;12,1;6,5;3,9;7,2;9,2;60;4,3;4,9;5,3;2458,6;0;8
06.02.2024;31,6;84,6;4,6;4,6;5;2,6;0;0;0;0;0;0;-0,7;217,6;83,2;0;98,7;9;8,2;5,4;4,5;8,7;10,2;70,8;-0,5;0,1;4,3;1137,7;0;1
07.02.2024;14,2;80;7,6;7,6;5,4;4,7;0;0;0;1;0;1;-0,8;320,1;83,2;0,2;89,7;10;9,5;6,1;7,7;12,6;10,5;75,7;4,8;4,9;4,8;1083,7;0,2;1
08.02.2024;35,8;85,2;9,6;9,6;6,6;3,2;0;0;0;1;0;1;1,7;179,3;90,8;1,5;95,1;11,9;11,8;7,3;5,2;9,7;10,9;75,3;7,6;7,5;6;1056,1;2,6;1
09.02.2024;72,2;85,3;9,9;10;7,2;1,7;0;0;0;1;0;1;2,1;220,4;100;0,6;97,8;12,9;12,8;7,7;3,5;6,9;10,2;69,2;7,7;7,6;6,8;898;2,9;0
10.02.2024;100;97,3;8,1;7,8;7,4;1;0;0;0;1;0;1;0,8;295,7;100;0,8;100;11,6;10,8;7,8;1,9;3,8;100;85;6,5;6,4;7;1058,1;1,3;1
11.02.2024;74,6;89,4;6,9;6,6;7,2;2,2;0;0;0;1;0;1;10,9;265,3;100;2,9;99,3;9,5;8,6;7,5;4;8;13,5;74,4;4,7;4,3;6,8;1514,3;11,6;3
12.02.2024;16,1;84,3;5,9;5,9;6,4;1,8;0;0;0;0;0;1;-0,7;123,9;56,7;0,1;92,4;8,4;7,9;6,7;3,2;5,6;11;71,6;4,2;4,4;6;819,7;0,1;0
13.02.2024;12,5;80,4;5,1;5;5,9;1,6;0;0;0;0;0;1;-0,9;489,4;19;0;94,1;11,6;9,6;6,8;3,4;6,3;8,9;56,5;0,7;1,4;5,2;2631,8;0;8
14.02.2024;37,7;82,6;7,6;7,5;6,1;1,6;0;0;0;0;0;1;-0,8;440,7;87,7;0;94,8;13,2;12,4;7,4;4,5;7,6;10,2;72,4;0;0,5;5,1;1854;0;4
15.02.2024;11,2;78,5;10,6;10,8;7,7;1;0;0;0;0;0;1;-0,9;474,4;15,5;0;91;16,1;15,3;8,9;1,7;4,2;8,3;60,9;6,4;7,4;6,7;2568,6;0;7
16.02.2024;19,3;77,9;11,6;11,7;8,3;1,2;0;0;0;1;0;1;0,3;400,8;100;1;94,6;17,6;16,5;9,3;3,3;6,2;8,2;57,1;6,7;7,3;7,4;1906,8;1,4;4
17.02.2024;94,7;86,9;9,6;9,3;9,1;1,6;0;0;0;1;0;1;0,6;461,6;100;0,5;97,5;13,3;11,7;9,8;2,7;6;86;68,4;4,3;4,6;8,6;2472;1,5;6
18.02.2024;77,1;85,3;7,9;7,6;8;1,4;0;0;0;1;0;1;1,5;360,4;100;0,9;98,7;12,9;12;8,7;2,7;5,6;10,7;63,1;2;2,2;7,1;2047,4;2,4;4
19.02.2024;96,1;84,8;8,2;8;8;2,7;0;0;0;1;0;1;0,6;185,5;100;0,7;97,1;10;9,6;8,3;3,8;7,1;87,3;70;7,3;7,2;7,8;924,9;1,5;0
20.02.2024;64,5;82;6,8;6,6;7,7;2,3;0;0;0;1;0;1;-0,2;405,4;100;0,4;92,5;10,4;9;8,2;3,7;6,6;10;66;3,9;4,4;7,2;2100,2;0,8;4
21.02.2024;11,6;69,1;7,8;7,8;7,2;1,5;0;0;0;0;0;1;-1,2;389,8;20,5;0;88,8;12;11,3;8;2,9;6,8;8,6;48,2;3;3,7;6,5;2114,1;0;4
22.02.2024;43,7;80,8;9,5;9,4;7,8;4,8;0;0;0;1;0;1;3,5;205,1;86,2;1,1;90,4;11,2;11,8;8,2;6,3;12,3;8,8;48,6;8,1;8;7,4;790,3;5,4;0
23.02.2024;18,4;78,5;4,6;4,5;6,9;2;0;0;0;1;0;0;1,9;239,6;83,6;2,8;89,5;7,5;6,7;8;5,8;12,3;9,9;67,4;0,5;1,6;6,3;1472,8;2,8;1
24.02.2024;13,9;78,6;4;3,9;5,8;2,2;0;0;0;0;0;0;-1,2;490,5;55,1;0;96,2;9,5;8,3;6,6;4;8,2;8,7;53,7;0,1;0,8;5;2671,1;0;6
25.02.2024;41,1;73,1;4,4;4,6;5,4;1,4;1;0;0;0;0;0;-1,2;595,3;85,6;0;96,3;12,2;10,6;6,8;4;7;7;45,5;-1,5;-1,2;4,2;3240,9;0;8
26.02.2024;13,8;68,9;8,2;8;6,4;1,3;0;0;0;0;0;1;-1,2;313,7;58,3;0;85,4;13,4;12,7;7,6;2,1;4,2;7,7;53;4,4;4,6;5,6;1826,8;0;2
27.02.2024;10,8;80,8;7,3;7;7;1,9;0;0;0;0;0;1;-1;293,1;16,3;0;85,5;9,3;8,3;7,5;3,5;5,9;10;73,3;6;5,7;6,6;1447,2;0;1
28.02.2024;11,4;86,8;5,6;5,2;6,7;1,2;0;0;0;0;0;1;-0,6;100,4;19,5;0;92,5;6,7;6,4;6,9;2,2;3,9;10,6;83,4;2,2;3;6,5;589,4;0;0
29.02.2024;44,5;85,7;4,4;4,1;6,2;1;1;0;0;0;0;0;-1,1;571;86,4;0;98,6;12,5;10,9;7,8;2,1;4,5;7,6;62,6;-2,5;-2,7;4,8;3619,6;0;9
01.03.2024;89,1;91,4;5,6;5,4;6,4;1;0;0;0;1;0;1;0,1;270,4;100;0,3;97,1;10,2;9,5;7,3;2,5;4,4;65,9;79,2;1,4;1,7;5,6;1370,1;0,8;1
02.03.2024;55,2;78,3;7,9;7,9;6,9;1,4;0;0;0;0;0;1;-1,5;598,8;100;0;97,9;16,1;14,7;8,6;2,8;5,2;6,7;46,2;0,6;1,4;5,4;3631,8;0;9
03.03.2024;26,9;72,7;8,8;9,2;7,6;1;0;0;0;0;0;1;-1,6;576,9;82,4;0;97,5;17,4;16,8;9;2,7;5,1;5,8;31,1;3,3;3,9;6,4;2865,3;0;6
04.03.2024;12,1;91,6;6,5;6,4;7,2;1,4;0;0;0;0;0;1;-0,6;77,2;13,6;0;95,5;8,2;7,6;7,7;2,3;4,6;11,4;82,3;3,5;3,9;6,7;541,8;0;0
05.03.2024;85;95;6,2;5,9;7,2;0,8;0;0;0;1;0;1;1,2;101,9;100;0,8;99;7,6;7,2;7,4;1,8;3,8;12,2;84,6;3,4;3,3;6,9;471,5;1,7;0
06.03.2024;100;96,7;5,3;4,9;6,6;2,2;0;0;0;1;0;0;5,4;89;100;0,8;99,1;6,3;5,8;6,8;3,3;5,4;100;94,1;3,6;3,3;6,3;654;5,9;0
07.03.2024;95,6;84,1;4,5;4;6,3;1,6;0;0;0;0;0;0;-0,8;350,4;100;0;94;6,9;6,3;6,9;2,4;5,6;86,6;73,1;0,7;0,6;5,6;1747,6;0;2
08.03.2024;57,2;79,7;3,8;3,6;5,8;2;1;0;0;0;0;0;-1,2;556,1;87,5;0;91,4;9,3;8,8;7;3;5,7;8,8;64,7;-0,6;-0,2;4,7;2913,3;0;5
09.03.2024;10,2;70;7,7;7,5;6,4;1,5;0;0;0;0;0;1;-1,8;645,3;14,3;0;93,2;15,6;14,5;8,3;2,9;5,9;6,5;41,6;0,4;0,6;4,9;3986,2;0;9
10.03.2024;27,2;73,1;7,4;7,5;6,9;1,7;0;0;0;1;0;1;1,2;250,2;100;1,3;93,7;11,8;11,4;7,5;4;7,8;8,2;52,2;4,2;5,1;6,2;1497,6;2,5;1
11.03.2024;46;78,9;7,5;7,4;7,2;1,7;0;0;0;0;0;1;-1,6;687,5;98,2;0;93,5;13,5;12,3;8,6;3,3;6,2;7,9;55,6;2,3;3,3;5,9;3792,7;0;8
12.03.2024;25,7;85,7;6;5,9;6,9;2;0;0;0;1;0;1;1,3;211,6;100;1,2;93,7;9,3;8,4;7,5;3,6;6,5;10,6;74,6;1,9;2,8;6,3;1072,8;2,2;0
13.03.2024;100;93,8;8;7,7;7,2;1,4;0;0;0;1;0;1;11,5;221;100;3;99,1;12,1;11,3;8,3;2,7;4,8;100;83,1;4,7;4,3;6,4;1335,7;12,3;0
14.03.2024;96,8;84,4;10,3;10,3;8,6;1;0;0;0;0;0;1;-1,6;567,8;100;0;99,5;17,4;16,3;10,5;1,8;3,7;88;58,8;5,1;5,2;7,2;3451,3;0;7
15.03.2024;48,7;74,6;11,2;11,6;9;2;0;0;0;1;0;1;-0,2;586;100;1,1;92,1;16;15,1;9,9;4,5;8,7;9,2;62,6;6,5;7,7;7,9;2759;1,5;4
16.03.2024;61,5;87;9,6;9,3;9,3;2,9;0;0;0;1;0;1;1,6;611,7;100;2;95,2;13,9;12,7;10,3;6;10,5;9,6;70,7;5,4;5,7;8,5;3042,1;3,1;5
17.03.2024;41,1;81,3;9,1;8,7;9,2;0,8;0;0;0;1;0;1;-1,2;446,5;84,5;0,2;98,9;14,1;13,3;10,3;1,7;4,5;8,3;58,8;4,2;4,3;8;2857,2;0,2;4
18.03.2024;100;96;9;8,7;9,4;0,8;0;0;0;1;0;1;5,9;150,1;100;2,2;98,7;11,8;11,2;9,9;2,1;3,4;100;89,2;7;7,2;9;985,9;6,6;0
19.03.2024;67,1;85,3;9,3;9,1;9,5;0,8;0;0;0;0;0;1;-1,6;671,7;100;0;100;16;15,2;11,3;1,6;3,7;8,7;60,3;2,4;2,3;8;3870,2;0;7
20.03.2024;39,4;73,2;10,9;11;10;0,8;0;0;0;0;0;1;-2,1;632,2;91,6;0;98,3;19,6;18,3;11,9;1,6;4,2;5,8;42,3;3,1;3,6;8,2;4581,3;0;9
21.03.2024;11,5;78,8;10,7;11,1;10,3;2;0;0;0;0;0;1;-1,8;569;21,6;0;90,2;16,5;15,5;11,4;4,6;8,2;8,6;63,3;5,4;6,8;9,3;2939;0;4
22.03.2024;25,4;70,6;11,3;11,5;10,5;1,2;0;0;0;0;0;1;-2,2;691,8;80,3;0;96;19,8;18,4;12,3;2,8;6;6,4;45,7;3,8;4,9;8,9;4426,2;0;9
23.03.2024;42,1;79,6;6,5;6,6;9,6;3,4;0;0;0;1;0;1;3,3;445,4;96,8;1,5;91,8;9,3;9,9;10,9;5,9;12,9;9,4;65,2;2;2;8,4;2664,4;4,8;3
24.03.2024;59,3;84,3;4,4;3,9;7,6;3,8;0;0;0;1;0;0;0,6;490,5;100;1,4;93,4;7,3;6;8,2;6,5;12,6;10,1;70,4;1,9;1,9;7,1;3022,8;1,9;4
25.03.2024;27,7;66,9;6,8;6,4;7,9;2;0;0;0;0;0;1;-2,2;802,4;87,7;0;89,8;12,5;11,1;9,8;3,3;5,6;5,9;39,1;2,7;2,7;6,5;4852,8;0;10
26.03.2024;8,4;61,8;8,8;8,9;8,4;1,4;0;0;0;0;0;1;-2,6;694,2;11,4;0;86,5;18;17,1;10,4;3,4;6,4;4,5;28,6;0,9;1,7;6,7;4679,4;0;9
27.03.2024;41,3;81,9;7,8;7,5;9;2,3;0;0;0;1;0;1;1,6;605,9;100;1,3;93,1;14;12,5;9,9;5,2;8,5;8,5;64,5;4,1;4,7;8,1;2874,8;3,3;4
28.03.2024;53,8;74,6;5,7;5,8;7,9;3,1;0;0;0;1;0;1;-1,6;652;100;0,4;93,2;12;10,8;8,7;7,9;15,4;8;50,8;0,5;0,9;7,1;3661,9;0,4;6
29.03.2024;64,9;73,3;9,3;9,4;8,1;1,1;0;0;0;1;0;1;-0,3;568;100;1,1;91,6;16,3;15,5;9,8;2,1;4,5;9,5;61,6;3,4;4,4;6,9;2622,4;1,3;3
30.03.2024;22,3;63,2;10,9;12,1;8,9;1,5;0;0;0;0;0;1;-1,8;179;85,9;0;91,7;15,4;16,2;9,5;5,3;9,1;7,7;40,9;6,1;6,5;8,3;1533,9;0;0
31.03.2024;11,6;72,9;12,4;12,2;9,8;1,7;0;0;0;0;0;1;-2,5;571,1;29,4;0;95,8;20,1;18,9;11,5;3,5;7,6;5,4;46,3;5,7;6,2;8,4;4009,6;0;7
01.04.2024;24,4;82,4;9,3;9;10;3,2;0;0;0;1;0;1;3,5;372,4;100;1,9;95,8;11,5;11,6;10,6;6,4;12,2;9,4;68,4;6,8;7,1;9,4;2185,6;5;1
02.04.2024;11,3;72,8;8,9;8,7;9,3;3,4;0;0;0;0;0;1;-2,4;731,4;26,8;0;86,1;13,4;11,9;10,4;6,4;12,3;8,3;57,1;5,7;6,1;8,3;4671,8;0;8
03.04.2024;45,8;78,8;9,3;9,1;9,3;2,2;0;0;0;1;0;1;0,2;509,1;100;1,1;91,9;13,5;12,1;10;5,9;11,8;8,4;60,9;4,5;5;8,5;2541,4;1,9;2
04.04.2024;60,8;82,6;11,9;11,8;10,1;3,5;0;0;0;1;0;1;0,8;312,1;100;1,8;91,3;14,1;13,7;10,8;6,5;11,8;9,8;72,4;9,7;9,9;9,4;2594,6;2,6;2
05.04.2024;50;67;15,6;15,8;11,4;1,8;0;0;0;0;0;1;-2,9;699,2;100;0;97,5;21,8;21,1;12,7;4,4;9,1;6,9;42,7;8,7;9;10,1;4150,1;0;7
06.04.2024;7,5;52,2;17,6;18,3;12,7;1,4;0;0;0;0;1;1;-4,1;808,4;11,7;0;85,2;28,6;27,1;14,5;3,4;7;3,4;23,5;7,8;9,5;11;5835,5;0;11
07.04.2024;6,9;52,9;17,6;18,4;13,4;1,1;0;0;0;0;0;1;-3,1;674,6;9,2;0;72,1;24,7;24,2;14,7;2,4;4,5;4,3;38,8;9,9;11,9;12;4360,5;0;7
08.04.2024;6,5;48,9;19,3;20,1;14,2;1,3;0;0;0;0;1;1;-3,8;704,3;9,7;0;78;28,9;27,8;15,5;4,1;9,5;3,4;24;10,8;12,1;12,8;4860,1;0;8
09.04.2024;8,1;66;11,1;11,4;13,1;2,7;0;0;0;0;0;1;-2,4;185,8;9;0;78,8;16,4;17,7;14,5;6,7;11,7;6,8;43;7,5;7,3;11,5;1184,8;0;0
10.04.2024;9,1;66,9;8,8;8,5;11,4;1,5;0;0;0;0;0;1;-2,3;675,3;21;0;92,6;14,3;13,2;12,4;2,7;4,8;5,1;42,9;3,2;3,7;10,5;4573,4;0;7
11.04.2024;15,7;64,5;10,2;9,8;11,4;1,1;0;0;0;0;0;1;-3;822,8;70,8;0;93,5;19,2;17,6;13,1;1,7;4,5;4;35;1;1,3;9,7;6275,8;0;12
12.04.2024;12,1;66,6;12,5;12,5;12;1,1;0;0;0;0;0;1;-3,3;793,8;47,5;0;93,2;22,9;21;13,8;2,4;4,9;4,2;40,2;2,5;3,4;10,3;6280,1;0;12
13.04.2024;14;66,1;15,7;15,9;13,1;1;0;0;0;0;1;1;-3,8;795,3;63,5;0;94,2;27,7;26,1;15;2,3;4,4;3,4;28,5;5,3;6,2;11,2;6361;0;12
14.04.2024;10,8;64,1;16,8;17,5;14;1,4;0;0;0;0;0;1;-3,4;734,3;72,6;0;84,5;24,1;23,8;15,3;3,5;6,4;5,6;45,7;8,5;10,9;12,5;5166,1;0;9
15.04.2024;37,9;71,4;12,9;12,7;13,6;3,5;0;0;0;1;0;1;-1,1;555,4;100;0,6;91,1;17,8;16,6;14,4;8,8;14,9;7;44,3;4,1;3,5;12,3;2561,3;1,6;2
16.04.2024;57,6;74,8;7,3;6,6;11,1;4,6;0;0;0;1;0;1;-1,7;618;100;0,2;91,4;12,5;10,5;12,1;8,2;15,4;7,6;57,2;3,2;3,1;10,6;4621,3;0,6;7
17.04.2024;99,6;88,9;5,3;4,6;10,1;2,4;0;0;0;1;0;0;8,8;469,6;100;1,9;97,3;9,8;8,4;10,5;4,3;8,3;91,1;67;1,6;1,7;9,8;2859,4;10,3;2
18.04.2024;100;91,2;4,6;4;9,4;1,6;0;0;0;1;0;0;4,6;483,7;100;1,6;97,3;10,4;8,3;9,7;3,7;8,3;100;75,5;1,7;2,2;9,1;2830,3;5,9;2
19.04.2024;98,6;89,6;4,3;4;8,3;3,7;0;0;0;1;0;0;10,8;189,2;100;2,5;95,3;5,8;5,2;9,1;6;12,2;87,4;82,5;2,5;2,8;7,3;1507,1;11,7;0
20.04.2024;73,4;82,4;5,3;4,7;7,8;3,5;0;0;0;1;0;0;-1,4;558,5;100;0,2;94,9;10,2;8,5;8,6;4,7;8,6;8,4;60,9;1,4;1,6;7,2;4141,8;0,5;6
21.04.2024;98,8;85,9;4;3,2;7,9;2,8;0;0;0;1;0;0;2,5;602,8;100;1,4;95,9;7;5,8;8,2;3,8;6,9;87,6;67,5;2;1,5;7,5;2704,7;3,8;2
22.04.2024;58,2;71,8;4,4;3,9;7,6;2,1;0;0;0;0;0;0;-1,7;587,8;100;0;88;8,1;7,2;8;3,3;7,3;8,4;51,6;1,1;0,8;7,1;3010,3;0;3
23.04.2024;11,6;71,8;4,3;3,9;7,7;1,7;1;0;0;0;0;0;-2,2;758,7;19,6;0;91,8;10,3;8,5;8,6;3,1;6,7;7,5;51,3;-1,2;-1;6,7;5295,6;0;8
24.04.2024;46,4;79,9;3,2;3;7,5;2,4;1;0;0;1;0;0;-0,5;381,7;100;0,7;92,3;7,6;6,1;8;4,5;9;9,7;67;-1,1;-0,4;7,1;2580,1;0,8;1
25.04.2024;52,9;74,2;5,3;4,7;7,6;2,4;0;0;0;1;0;0;-1,6;668,8;100;0,4;95,1;11,2;8,6;8,6;4,4;7,8;7,7;50,7;-0,4;0,6;6,9;4393,8;0,5;6
26.04.2024;29;76,9;7,9;7,3;8,1;1,9;1;0;0;0;0;1;-2,2;529,3;85;0;95,6;15,9;13,7;9,4;3,8;7,6;7,6;53,8;-0,5;-0,4;7;4185,6;0;5
27.04.2024;31,6;60;13,5;13,1;10,2;1,5;0;0;0;0;0;1;-4,1;894;87;0;96,4;23;20,6;11,9;3,3;7,2;3,7;26,3;4,1;4,6;8,6;7238,3;0;13
28.04.2024;8,4;65;12,6;12,7;10,9;1,4;0;0;0;0;0;1;-2,6;752;10,1;0;78,9;21;18,3;11,8;3,4;6,8;6,2;50;6,6;8,1;10,1;3524,4;0;4
29.04.2024;8,5;69,2;14,5;14,3;11,8;1,4;0;0;0;0;0;1;-3,5;858;11,1;0;90,5;21,9;20,7;13,1;2,6;5,6;5,2;47,7;8,3;8,5;10,7;5898,6;0;10
30.04.2024;16,9;61,4;16,5;16,9;12,8;1,1;0;0;0;0;1;1;-4,4;870,5;80,6;0;95,1;27;26,1;14,3;2;5,7;3,4;25;6,9;7,7;11,4;6959,5;0;12
01.05.2024;7,6;57,2;17,2;17,8;13,5;1,5;0;0;0;0;1;1;-4,5;853,3;14,5;0;89,8;25,6;25,2;14,7;3,6;6,6;3,7;31,2;7,4;8,2;12,1;6689,8;0;11
02.05.2024;35,8;80,9;14;13,8;13,5;2;0;0;0;1;0;1;4,2;634,5;100;2,5;94,9;20,8;19,7;14,1;4,6;9,7;7,4;64,2;8,9;9,8;12,8;3875,1;6,8;4
03.05.2024;36,6;79,2;11,3;10,9;12,9;2,3;0;0;0;0;0;1;-2;376,5;100;0;92,9;14,6;13,3;13,4;3,9;7,4;8,1;63,4;8,8;9,3;12,6;2878,6;0;2
04.05.2024;26,7;68,2;13,3;13;12,7;1,3;0;0;0;0;0;1;-3;633,9;84,6;0;97,7;20,1;18,5;13,6;2,5;5,7;5,7;42,2;5,4;5,7;11,8;4905,8;0;7
05.05.2024;37,3;80,7;14,9;14,4;13,5;2,5;0;0;0;1;0;1;-1,7;802,4;100;0,4;96,1;20,5;18,7;14,4;4,7;9,9;8,1;64,3;11,2;11,7;12,8;4557,6;1,2;6
06.05.2024;99,9;88;13,3;13,2;13,7;1,9;0;0;0;1;0;1;1,7;255,7;100;1,2;97,1;15,6;14,9;13,9;3,5;7,1;96,9;80,1;11,8;12;13,4;1955,2;3,1;0
07.05.2024;45,2;83,9;12,4;12,2;13,3;2;0;0;0;0;0;1;-1,9;459,1;100;0;95;16,3;14,8;13,5;3,6;6,5;9,3;73,6;8,4;9,2;13;3105,6;0;2
08.05.2024;38,7;87,7;10,3;10,2;12,6;1,3;0;0;0;0;0;1;-1,3;373,8;87,1;0;97,4;14;13;13,1;2,6;4,9;9,1;70,7;6,9;7,4;12,4;1711,1;0;0
09.05.2024;37,6;69,7;12,8;12,9;12,6;1,4;0;0;0;0;0;1;-3,7;833,5;100;0;99,2;19,8;19,1;13,6;2,4;6,3;5,4;42,4;4,3;5,2;11,6;6812,9;0;11
10.05.2024;22,7;62,4;14,3;14,5;13;1,3;0;0;0;0;0;1;-4,4;922,2;83,7;0;95,6;23,4;21,8;14,2;2,4;6;3,9;36,2;3,9;5,1;11,7;7923,2;0;14
11.05.2024;9,2;58,6;15,4;16;13,6;1,3;0;0;0;0;0;1;-4,6;882,2;32,7;0;92,2;24,7;23,3;14,8;2,4;5,5;3,6;34,8;5,5;6,7;12,3;7839,4;0;13
12.05.2024;7,7;57,8;16,1;17,2;14;1,3;0;0;0;0;0;1;-4,6;905,8;16,2;0;89,8;24,1;24,3;15;2,7;5,8;3,6;35,5;6,3;7,5;12,7;7498,1;0;13
13.05.2024;66;74;16,8;17,2;14,7;1;0;0;0;1;0;1;2,6;821;100;5,6;94,9;23,6;22,4;15,5;1,7;4,9;5,5;51;11,3;11,9;14;5065,6;5,9;7
14.05.2024;38,4;62,9;17,3;18,2;15;1,7;0;0;0;0;0;1;-5,1;926,3;100;0;98,5;24,6;24,8;16;3;6,4;4,1;36,3;8,6;9,7;13,9;8070,6;0;14
15.05.2024;66,4;84,2;15,1;14,9;14,9;1,4;0;0;0;1;0;1;1,1;467,4;100;1;96,8;19,3;17,2;15,3;2,7;4,6;7,2;57,4;12,5;13,3;14,6;2813;3,3;1
16.05.2024;71,5;78,1;15,1;15,2;14,9;1,6;0;0;0;1;0;1;0,7;813,5;100;3,2;97,5;20,4;19,4;15,5;2,8;6,1;7,2;57,9;8,6;9,2;14,2;6051;4,2;9
17.05.2024;100;95;10,9;10,6;14;3,2;0;0;0;1;0;1;36,6;202,9;100;4,8;97,2;12,7;12,5;15,1;5,1;10,6;100;92,1;10,1;10;13,2;1387;37,6;0
18.05.2024;82,8;83;13,9;13,6;13,5;1,7;0;0;0;1;0;1;10,2;882,7;100;6,5;95,9;21,5;20,2;14,4;3,3;12,1;6;52,6;10,1;10,2;12,9;5232,5;13,6;7
19.05.2024;79;83,8;13,6;13,4;14;1,6;0;0;0;1;0;1;-2,2;712,6;100;0,9;97,8;20,3;18,6;14,6;3,2;5,8;9;60,2;8;8,7;13,3;5359,7;0,9;7
20.05.2024;46,9;74,3;15,8;15,7;14,2;1,2;0;0;0;0;0;1;-4,2;934,3;100;0;99,1;23,9;22,8;15,1;2,9;5,4;4,7;47,9;8,2;7,2;13,2;7275,1;0;12
21.05.2024;83,8;91,9;13,7;13,8;14,7;1,6;0;0;0;1;0;1;15,7;241,5;100;3,5;96;15,2;16,4;14,8;2,7;6,4;9,4;70;11,6;12,4;14,5;1452,3;17,2;0
22.05.2024;81,9;83,8;13,9;13,9;14,6;2;0;0;0;1;0;1;-1,4;706,9;100;0,9;97;19,8;17,9;15;4,1;8,3;10,5;63,8;9,6;9,5;14,3;4686,8;1,4;5
23.05.2024;74,1;88,4;13,4;12,8;14,3;1,4;0;0;0;1;0;1;2,1;712,2;100;2,1;98,1;19,7;17,4;14,7;3,2;5,9;8,4;67;9,1;8,3;13,6;4340,3;4,6;5
24.05.2024;100;90,7;13,2;12,5;14,5;1,2;0;0;0;1;0;1;5,7;721,4;100;3,2;98,3;19,2;16,8;14,9;2,7;6,1;100;75,3;10;9,2;14,1;3613,7;7,9;3
25.05.2024;63,3;79,4;14,5;13,9;14,2;1;0;0;0;0;0;1;-3,7;929,5;100;0;99,5;23,1;20,4;15,1;2,7;5,8;5,6;49,3;8;6,9;13,3;6507,6;0;10
26.05.2024;42,7;74,9;15,9;16;14,6;1,1;0;0;0;0;0;1;-4;894,6;100;0;98,8;24,2;23,1;15,5;2,6;6,4;5,1;44,8;8,4;7,8;13,5;6537,2;0;10
27.05.2024;67,7;87,1;15,9;15,4;15,3;1,3;0;0;0;1;0;1;2,4;789,8;100;1,6;96,4;22,6;18,9;15,8;2,8;5,8;7,6;74,8;12,9;12,6;14,9;3847;4,8;3
28.05.2024;55,2;71,2;14,1;14,2;15,2;1,5;0;0;0;0;0;1;-3,8;786,4;100;0;95,2;19,2;18,4;15,5;3,3;6,4;5,6;44;9,9;9,8;14,7;6399,4;0;9
29.05.2024;50,4;79,4;14,3;14,6;14,9;1,5;0;0;0;1;0;1;0,9;413,8;100;2;94,8;17,1;17,4;15,3;3;6,2;8,2;64,6;11,3;11,7;14,5;3112,3;3,1;2
30.05.2024;52;77,2;15,4;15,3;15,2;2,5;0;0;0;1;0;1;2,5;851,3;100;4;98,6;19,3;18,4;15,7;4,4;8;7,1;53,7;11,9;12,1;14,6;6084,8;6,2;9
31.05.2024;82,2;94,9;12;11,7;14,7;2,6;0;0;0;1;0;1;22,7;173,5;100;2,6;96,9;12,8;12,6;15,3;4,3;8;11,4;90,4;11,2;10,9;14,2;1375,6;23,7;0
01.06.2024;100;94,5;13,1;12,9;13,9;2,7;0;0;0;1;0;1;21,2;185,6;100;8,4;98,1;14,3;14,1;14,1;3,7;6,4;100;91,4;11,3;11,2;13,6;1754,9;22,3;0
02.06.2024;100;97;15,3;14,7;14,8;1,7;0;0;0;1;0;1;47,7;380,5;100;14,6;99,6;18,5;17,3;15,7;3,5;9,6;100;88,7;13,4;13;14,1;2100,3;49,1;0
03.06.2024;82,5;90,2;13,6;12,9;14,8;1,9;0;0;0;0;0;1;-1,9;292,4;100;0;97,7;17,9;15,9;15,3;3,1;6,5;9,6;73,1;10,9;10,8;14,6;2629,7;0;0
04.06.2024;40,9;78,7;16,7;15,5;14,8;1;0;0;0;0;0;1;-3,6;717,1;96,8;0;99,1;24,4;21,7;15,8;1,8;5;5,7;51,9;10,5;10;14;5776,7;0;8
05.06.2024;47,8;81,1;16,6;16,5;15,2;1,4;0;0;0;1;0;1;-2,2;596,4;100;0,8;96,3;23,2;21;15,9;3,4;6,8;6,8;66,5;10,5;11,3;14,5;4575,2;0,8;5
06.06.2024;50,7;76,5;18,6;18;16;1,3;0;0;0;1;0;1;-1,1;807,4;100;2,4;98,7;25,4;23,7;16,8;2,7;6,7;5,8;50,6;10,9;11,1;15,1;6361,2;3;9
07.06.2024;52;71;18,1;17,6;16,5;1,2;0;0;0;0;0;1;-4,4;942;100;0,1;97,8;25;23,1;17,2;2,8;5,2;4,7;48,6;11,1;10,8;15,6;7508;0,1;12
08.06.2024;62,8;79,1;18;17,8;16,6;1,2;0;0;0;1;0;1;4,6;860,2;100;3,9;96,6;26,1;24,4;17,4;2,8;5,9;5,8;54,6;10,3;10,1;15,5;5784,2;8,4;8
09.06.2024;49,8;71,8;17,9;17,6;17,2;1,4;0;0;0;1;0;1;-3,2;888,8;100;0,5;97,1;22,8;21;17,7;2;4,7;5,8;55,9;13,6;13,9;16,6;5688,6;0,5;7
10.06.2024;10,3;61;16,9;16,4;16,9;2,5;0;0;0;0;0;1;-4,9;976;42,7;0;79,5;23,5;21,2;17,5;4,6;8,2;4,8;42,6;11;11,6;16,3;7248,6;0;11
11.06.2024;7,9;65,1;12,9;12,4;15,9;1,5;0;0;0;0;0;1;-3,1;616;10,4;0;84,3;18,6;16;16,6;3;5,7;5,1;45,5;7,8;8,2;15,4;4936,6;0;6
12.06.2024;26,3;64,9;13,5;13,3;15,2;1,5;0;0;0;0;0;1;-3,4;986,8;88,3;0,1;95,9;20,8;17,7;15,8;3,2;5,6;4,5;41,3;6,9;6;14,4;5836,2;0,1;8
13.06.2024;46,2;66,5;14,8;14;15,4;1,1;0;0;0;1;0;1;-3,6;861,7;100;0,4;96,9;22,8;19,6;16,1;2;4,2;4,2;40,9;8,3;7,7;14,5;7334,3;0,5;11
14.06.2024;25,1;77;15,1;15,2;15,3;1,5;0;0;0;0;0;1;-2,5;694,1;100;0,1;90,5;21,5;19,7;15,9;3,2;6,5;7,3;60,9;9,7;10,1;14,7;3490,8;0,1;2
15.06.2024;41,8;74,6;15,8;15,5;15,8;2,3;0;0;0;1;0;1;6,2;974,7;100;3,5;97,2;22;19,4;16,4;4,4;8,4;6;49,6;10,7;11,6;15,4;6070,6;10,1;8
16.06.2024;21,4;67,3;17;16,8;15,9;1,9;0;0;0;1;0;1;-4,3;830,5;100;0,1;88,3;25,2;22,4;16,8;3,1;7,2;4,9;43,6;10,3;10,9;15;6665,3;0,2;10
17.06.2024;44,3;78,4;17,5;17,8;16,6;1,3;0;0;0;0;0;1;-2,9;578,6;100;0;94,6;22;21,4;17,1;2,9;6,3;7,7;62,7;13;13;16;4019,5;0;3
18.06.2024;35,1;69,4;21,3;21,4;17,1;1,2;0;0;0;0;1;1;-5,2;807;100;0;97,9;30,5;29,5;18,4;2,6;5,8;4;37,9;11,8;11,8;15,9;7233,5;0;11
19.06.2024;54,4;84,2;20,2;19,9;18,5;1,9;0;0;0;1;0;1;14,8;889,4;100;7,2;97,4;26,4;24,6;19,1;4;6,9;6,8;66,7;16,9;16,8;17,8;5914,7;18,8;8
20.06.2024;9,4;80,8;21;21,1;18,8;0,9;0;0;0;0;1;1;-3,2;685;13,3;0;92,1;27,1;26;19,4;1,4;3,5;6,5;68,6;16,2;16,3;18,2;4302,9;0;4
21.06.2024;68,8;85,1;18,9;19,2;18,9;1,5;0;0;0;1;0;1;-0,9;866,2;100;0,5;97,8;25;24,2;19,2;3,3;7,2;7,2;61,4;15,7;15,8;18,6;2818,5;1,6;0
22.06.2024;83,1;86,8;15,7;15,3;18,1;1,6;0;0;0;1;0;1;12,7;746,2;100;6,7;94,7;22,7;21,1;18,6;4,4;8,4;7;62,5;11,3;11,9;17,7;4571,6;15,8;5
23.06.2024;80,9;84,8;17,2;16,8;17,7;0,9;0;0;0;1;0;1;-2,7;852,8;100;0,3;97,6;23,3;22,1;18,2;1,7;4,2;6,2;61,5;13,1;12,7;17,2;4561,4;0,3;5
24.06.2024;40,1;69,1;20;20,6;18,1;1,5;0;0;0;0;1;1;-4,8;893,2;100;0;97,3;25,7;25,6;18,9;2,7;6,2;5,1;49,5;12,9;13;17,2;7322,1;0;11
25.06.2024;11,6;64,5;21;21,7;18,6;1,5;0;0;0;0;1;1;-5,7;936,3;59,8;0;91,8;27,3;27,4;19,6;2,5;6,9;4,1;45,3;12,9;13,5;17,6;8496,3;0;14
26.06.2024;47,9;82;19,8;20,1;18,8;1;0;0;0;1;1;1;-3,2;856,2;100;0,2;97,1;27,2;25,7;19,3;3,2;6,1;6,5;59,9;14,5;14,8;18,1;4696,6;0,2;5
27.06.2024;77,8;83,4;21,6;21,5;19,7;1,2;0;0;0;1;1;1;26,8;957,8;100;18,1;98,4;29,3;28,4;20,8;3;15,9;5;55,6;17,4;17,7;18,7;6478,7;31,5;9
28.06.2024;52,8;79,7;21,8;22,2;20,3;1,6;0;0;0;1;1;1;-3,1;912,3;100;0,9;94,4;27,4;27;20,8;2,7;7,4;6,9;63,6;16,8;17,6;19,7;5942,6;1,2;8
29.06.2024;33,6;73,5;24,2;24,9;20,6;1,1;0;1;0;0;1;1;-4,9;872,7;97,8;0;97,1;30,6;31,6;21,5;2,3;5,8;4,6;53,4;17,1;17,1;19,6;6425,5;0;9
30.06.2024;84;85,7;18;18,2;20,3;2,5;0;0;0;1;0;1;0,8;404,1;100;0,9;93,3;22;22,7;21,2;4,3;8,8;8,3;72,9;13,4;13,7;19,5;2707;3,2;0
01.07.2024;77,7;87,4;15,8;15,6;18,8;1,5;0;0;0;1;0;1;0,3;760,2;100;2,3;96,9;21,3;20,4;19,4;3,3;7,5;11,4;68,4;12,6;12,4;18,4;3619,7;2,8;3
02.07.2024;43,9;85,1;14,7;14,5;18,1;1,4;0;0;0;1;0;1;0,5;400,4;100;1,1;97,2;17,8;17,4;18,5;3,5;6,4;8,1;64,6;12,7;12,5;17,8;2610,8;2,5;1
03.07.2024;100;93,3;13,7;13,2;17,6;1,1;0;0;0;1;0;1;14,7;358,7;100;5;97,8;16,8;16;17,8;2,2;7;100;81,2;11,5;11,3;17,2;2225,2;16,3;0
04.07.2024;69,2;82,1;15,3;15,4;17,1;2;0;0;0;1;0;1;-1,9;515;100;0,9;95,3;19,6;19,4;17,5;3,8;7,2;8,8;68,7;11,4;11,4;16,7;4327,9;0,9;5
05.07.2024;40,3;75,1;17,1;17,4;17,1;1,3;0;0;0;0;0;1;-4,1;891,6;100;0;97,5;23,8;23,5;18;2,7;5,5;5,7;53,7;10,1;10,5;16,2;6630,2;0;10
06.07.2024;76,1;84,6;17,5;17,8;17,5;1,5;0;0;0;1;1;1;3;682,3;100;2,8;98,8;25,2;25,2;18;4,2;9,2;7,2;56,2;11,7;11,8;16,7;4054;6,2;4
07.07.2024;57,6;77,7;16,4;16,1;17,6;1;0;0;0;1;0;1;-3,2;837;100;0,2;95,9;21,9;20,3;18,1;2,1;4,5;6,8;56,8;12;11,9;17,1;5430,1;0,2;7
08.07.2024;37,9;69,1;19,4;19,5;17,6;0,9;0;0;0;0;1;1;-5,1;945,8;100;0;98,4;26,7;26,3;18,7;1,4;3,8;4,4;46,9;10,4;10,3;16,4;8523;0;14
09.07.2024;30,3;68,8;23;23,7;18,7;1,1;0;1;0;0;1;1;-5,7;902,7;97,8;0;97,3;30,5;31;19,9;1,9;6,9;3,4;42,2;13,8;14,2;17,5;8238,3;0;14
10.07.2024;64,7;85,6;20,6;21,1;19,4;1;0;0;0;1;0;1;13,3;603,1;100;5,8;97,4;24,6;24,3;19,9;1,8;5,7;7,6;72,7;18,2;19;19,1;3329,3;15,9;2
11.07.2024;60,6;83,8;21;21,4;20;0,8;0;0;0;1;1;1;-1;913,8;100;1,5;99,4;25,5;26;20,5;1,7;3,6;6,1;62,2;17,9;18,3;19,5;5202,7;2,7;7
12.07.2024;81,7;86,3;19,7;20,1;19,9;1,4;0;0;0;1;1;1;6,3;724,2;100;3;98,3;25,4;26,3;20,3;3,3;10,1;6,9;63,3;16,2;16,4;19,5;4085,8;9,5;4
13.07.2024;40;77,5;16,5;17;19,3;1,1;0;0;0;1;0;1;-3;777;100;0,3;97,5;21,1;21,4;20;1,9;4,8;6,3;53;12;12,2;19;5099,8;0,3;7
14.07.2024;39,5;72;18,2;18,3;18,5;0,9;0;0;0;0;0;1;-4,3;906,5;100;0;98,4;25,9;24,7;19,3;1,9;5;4,2;44,6;10,5;10;17,5;6892,2;0;11
15.07.2024;43,9;70,2;21,9;22,1;19,2;1,1;0;1;0;1;1;1;-3,6;901,2;100;1,2;97;30,8;30,7;20,7;3,8;11,3;3,1;43,2;12,6;12,5;17,9;7560,9;1,7;12
16.07.2024;39,8;75,4;20,2;20,3;20,7;1,7;0;0;0;0;0;1;-4,6;877,9;100;0;96,1;25,5;24,1;22,1;5,3;7,1;5,5;52,9;14,1;14,3;19,6;7031,9;0;11
17.07.2024;36,2;70,3;19,7;19,5;20,3;1;0;0;0;0;0;1;-4,2;803,5;100;0;94,9;25,9;24,5;21,4;2;4,9;4,3;48,7;13,4;13,7;19,2;6444,3;0;10
18.07.2024;32;68,1;21,1;21,3;20,5;1;0;0;0;0;1;1;-4,5;749,3;99,6;0;96,4;28,2;28,1;21,6;1,6;4,2;3,6;45;12;12,5;19,3;6632,7;0;10
19.07.2024;41,4;71,8;22,9;22,9;21,4;0,9;0;1;0;1;1;1;3,7;892,5;100;8,1;95,8;31,7;30,8;23,1;2;5,7;3;43,7;14,6;15;19,9;6898,8;8,6;11
20.07.2024;47,4;71,1;23,8;23,9;22,5;0,7;0;1;0;0;1;1;-5,2;914,7;100;0,1;99,1;31;31,1;24,3;1,3;5,6;2,7;38,4;16,2;16,3;20,8;7666,7;0,1;13
21.07.2024;39,3;79,8;21,6;21,8;22,6;1;0;0;0;1;1;1;0,9;766,6;98,5;4;96,3;28,5;27,4;23,3;2,7;9,4;4,9;61,6;17;17;21,8;4385,1;4,2;5
22.07.2024;40,6;77,5;20,7;20,6;22,3;1,7;0;0;0;1;0;1;-2,2;799,7;100;1,5;96,2;25,7;24,7;23,2;2,9;6,4;6,2;56,7;14,8;15,1;21,6;5169,4;1,5;7
23.07.2024;39,4;77,2;19,5;19,6;21,7;1,4;0;0;0;1;1;1;-1,6;816;100;1,7;91,9;26,5;25,2;22,7;2,6;6,3;5,1;52,7;14,5;15;20,8;5024,7;2,1;7
24.07.2024;57;80,5;17,6;17,1;21,1;1,5;0;0;0;0;0;1;-3,2;634;100;0;96,2;23,8;21,9;21,8;2,4;5;6,8;58,9;12,5;12,6;20,4;4877,4;0;6
25.07.2024;39,6;71,6;19,5;18,9;21,1;0,7;0;0;0;0;1;1;-4,3;914,3;100;0;98,4;27,8;25,5;22,7;1,2;3,6;4;43,6;11,4;11,5;19,5;7075,2;0;12
26.07.2024;32,8;73,1;21,2;20,9;21,5;1,1;0;0;0;0;1;1;-3,8;781,1;91,9;0;96,6;27,7;25,9;22,5;2,9;5,3;5,4;51;13,4;13,8;20,5;5462;0;8
27.07.2024;49;83,7;21,7;21,4;22;0,8;0;0;0;1;1;1;-0,3;662,6;100;0,7;96,6;28,8;27,8;22,8;2;5,4;5;54;17,1;17,3;21,1;3674,4;2,7;4
28.07.2024;50,8;74,2;19,7;18,9;22;1,9;0;0;0;1;0;1;0,6;907,2;100;1,2;96,8;25,8;23,2;23;3,1;7,2;4,7;49,4;13,1;13,6;21;7389,7;5,2;12
29.07.2024;39,6;68,8;19,6;19,4;21,5;0,9;0;0;0;0;1;1;-5;922,5;100;0;98,4;28,1;27,6;22,9;1,8;4,6;3,1;36,6;10,3;10,6;20,1;8059,5;0;14
30.07.2024;32,9;65,7;22,8;22,8;22;0,8;0;1;0;0;1;1;-5;869;99,9;0;96,1;32,7;32,1;23,7;1,2;3,3;2,6;38,4;12;12,3;20,3;7298,8;0;12
31.07.2024;31,4;69,1;24,1;24,1;22,9;1;0;1;0;0;1;1;-4,9;850,7;85,7;0;95;33,6;32,3;24,2;2;5,3;3;37,9;14,9;15,3;21,5;6620,1;0;11
01.08.2024;63;88,3;20,8;20,6;22,6;0,7;0;0;0;1;1;1;11,7;476,4;100;7,9;97,2;26,3;25,7;23,3;1,8;6,2;7,4;69,6;16,7;17;22,1;2966,9;14;2
02.08.2024;47,2;80,5;21,3;20,8;22,3;1,5;0;0;0;1;1;1;0,3;816,5;100;3,4;97,7;27,2;25,6;23,1;3,2;6,2;5,9;54,3;16;16,5;21,5;6142,9;4,5;10
03.08.2024;70,4;84,4;19,6;19,4;21,8;0,9;0;0;0;1;0;1;12,9;571,1;100;14,4;99,5;25,1;24,5;22,4;2;4,3;8,6;68,7;13,6;14;21,1;4322,8;15,8;5
04.08.2024;28,2;79,7;19,7;19,5;21,6;1,4;0;0;0;1;0;1;-1,9;642;100;0,9;96,9;23,8;23,3;22;3,4;6,5;7;62,2;14,7;15,1;21;4611,7;1,3;6
05.08.2024;58;77,1;20,2;19,6;21,7;0,8;0;0;0;0;1;1;-3,8;866,9;100;0;98,8;26,8;25,1;22,6;1,6;3,6;4,4;49,9;14,5;14,9;20,9;6016;0;10
06.08.2024;36,3;72,7;22;21,6;21,9;0,9;0;0;0;0;1;1;-4,7;870,3;94,8;0;98,3;30,5;29,3;23,2;2,7;4,8;3,5;42,5;12,9;13;20,5;7207,3;0;13
07.08.2024;35;78,2;21,8;21,7;22,1;1;0;0;0;0;1;1;-3,4;787,8;87,4;0,1;97,8;28,5;27,2;22,9;2,3;4,9;5,3;57,8;14,8;15,3;21,3;4944,4;0,1;7
08.08.2024;16,3;73,4;19,8;19,6;22;1,5;0;0;0;0;0;1;-3,6;789,2;80;0;93,6;25,1;24;22,4;2,7;6,2;5,5;47,1;13,3;13,7;21,6;4929,2;0;7
09.08.2024;35;72,1;20,8;20,8;21,4;1;0;0;0;0;1;1;-4,1;833,4;94,3;0;98,1;28,2;28;22,5;2,4;5;4,9;48,8;11,7;12;20,2;6257;0;11
10.08.2024;12,3;70,9;22,6;22,7;22;1;0;0;0;0;1;1;-4,3;738,3;42,6;0;93,3;30,7;29,1;23;2,1;4,5;4;47,9;15,4;16,3;21;6214,4;0;11
11.08.2024;31,5;70,1;23,7;23,4;22,3;0,9;0;1;0;0;1;1;-4,9;855,2;88,1;0;97,5;32,6;31,2;23,6;1,7;4,5;3,6;44,1;14,3;14,8;21,1;7204,9;0;13
12.08.2024;22,2;68,9;24,7;24,6;22,8;0,7;0;1;0;0;1;1;-4,5;831;81,1;0;94,9;34,7;32,6;23,9;2;4,6;2,7;40,9;15,8;16,4;21,6;6450,6;0;11
13.08.2024;6,7;60,3;26,3;26,1;23,3;1,1;0;1;0;0;1;1;-4,9;805,4;11,5;0;87,9;35,1;33,1;24,3;3,1;6,4;2,9;41,4;16,9;18;22,2;6399,3;0;11
14.08.2024;42,9;76,6;22,7;22,5;23,3;1,2;0;0;0;1;1;1;-4;836,2;94,7;0,3;96,2;31,9;29,4;24,1;3,1;6,3;3,8;48,5;17,1;17,8;22,4;5943;0,3;10
15.08.2024;44,1;75,1;22,4;21,9;22,9;0,9;0;0;0;0;1;1;-4;736,2;100;0;98,4;31,4;27,8;23,7;1,6;3,9;4,5;53,4;14,9;15,3;21,9;6139,5;0;11
16.08.2024;10,2;71;23,1;23,1;22,9;1;0;0;0;0;1;1;-4;770,3;25,8;0;94,3;31,5;28,5;23,7;2,6;4,9;4,7;53,7;16,5;16,9;22;5756;0;10
17.08.2024;20,3;69,9;22,7;22,4;22,7;1;0;0;0;1;1;1;-1,2;859,6;100;1,4;95;31,1;28,3;23,5;2,3;4,2;3,9;46,4;16,8;17,4;21,9;5717,2;2,8;10
18.08.2024;100;94,1;18,4;18,1;22,1;1,5;0;0;0;1;0;1;15,5;193,2;100;3,4;98,3;20,9;20,2;22,9;3,1;7,4;100;87,5;15,1;15,2;21,4;1356;16,7;0
19.08.2024;53,6;80,3;18;17,5;21;1,5;0;0;0;0;0;1;-2,8;545;100;0;89,6;23;21,2;21,4;2,6;4,3;6,8;65,3;14,5;14,7;20,5;4148,1;0;6
20.08.2024;25,8;86,7;18,5;17,9;20,7;0,7;0;0;0;0;0;1;-2;410,3;81,3;0;97,2;24,5;22,3;21,1;1,4;3,3;6,9;69,1;14,6;14,9;20,3;2814;0;2
21.08.2024;54,9;78;16,7;16,4;20,3;2;0;0;0;1;0;1;-2,4;872;100;1;97,8;22,7;20,6;20,8;4,2;7,7;5,8;49,7;10,1;10,4;19,8;6069,3;1,1;11
22.08.2024;43,4;73,9;17,5;16,4;19,5;0,6;0;0;0;0;1;1;-3,6;853;97,1;0;98,8;29,1;25,9;20,6;1,2;3,5;3,6;40,2;8,6;8,4;18,4;6457,4;0;12
23.08.2024;38,6;68,5;18,8;19,1;19,6;0,9;0;0;0;0;1;1;-4;796,8;96,6;0;98;29,5;28,9;20,6;2,1;7,2;3,7;37;8,6;9;18,4;6376,6;0;12
24.08.2024;27,6;60,9;22,7;23,5;20,1;1;0;1;0;0;1;1;-4,5;801;87;0;97,4;33,4;32,9;21,3;2,3;6,2;2,8;32;11,4;11,7;18,9;6401,6;0;12
25.08.2024;43,8;73,9;17,6;17,3;20,4;1,6;0;0;0;1;0;1;3,6;695,1;100;1,8;96,4;22,4;23,6;20,9;4,1;8,1;6,9;55;10,3;10,8;19,9;4520,7;6,6;7
26.08.2024;36,5;76,6;17,1;16,3;19,4;0,8;0;0;0;0;0;1;-2,9;671,8;87,3;0;98,2;24,1;22;20;1,7;4;7,7;51;10,3;10,4;18,6;4978,7;0;8
27.08.2024;29,1;75,7;19,1;18,8;19,6;1,2;0;0;0;0;1;1;-3,6;804,8;82,2;0;97;27,5;25,1;20,6;2,6;5,7;7,4;54,1;10,5;11,2;18,6;6213,9;0;12
28.08.2024;41,8;72,8;21,5;21,2;20;0,7;0;1;0;0;1;1;-4;799,8;95,4;0;99;34,3;31,4;21,2;1,3;3;5,4;37,3;11,1;12;18,7;6337,6;0;12
29.08.2024;29,7;71;22,2;22,7;20,6;0,8;0;1;0;0;1;1;-3,9;778;85,2;0;97,2;33,8;32,2;21,6;1,5;3,5;4,8;34,4;13;13,7;19,4;5543,7;0;10
30.08.2024;35,1;70,4;22,4;23,1;20,8;0,7;0;1;0;0;1;1;-3,7;684,8;87;0;97,9;32,1;31,7;21,7;1,4;4;5;32,6;14,2;15;19,9;5530,6;0;10
31.08.2024;40,1;73,7;22,1;22,7;20,9;0,9;0;1;0;0;1;1;-3,8;749;92,5;0;98,8;32,1;31,1;21,8;2,4;4,9;7;41,6;14,6;15,7;20;5471,4;0;10
01.09.2024;18,3;72,5;22,7;23,4;21,1;0,7;0;1;0;1;1;1;-3;739,3;65;0,5;92,4;32,5;30,4;22;1,6;6,1;6,2;49,7;14,7;16,5;20,1;5251,7;0,5;9
02.09.2024;44,3;78,7;21;21;21,2;0,7;0;0;0;1;0;1;-2;638,8;100;0,4;89,7;27;24,4;21,5;1,1;2,9;7,5;63,2;16,9;17,8;20,7;3424,2;0,4;5
03.09.2024;18,1;77,6;21,9;21,9;21,1;0,7;0;0;0;0;1;1;-3;738,4;81,2;0;96,5;30;27,3;21,7;1,5;4,1;6,5;53,7;15,9;16,2;20,4;4657,1;0;8
04.09.2024;54,9;85,3;20,6;20,2;20,9;1;0;0;0;1;0;1;-2,1;623,3;100;0,4;97;28,3;24,9;21,5;2,5;5;7,4;66,3;15,5;16,5;20,3;3884;0,5;6
05.09.2024;66,5;78,3;21,9;22;21,1;1,4;0;0;0;1;1;1;0,2;692,8;100;3,5;98,3;29,2;29,3;21,8;3,4;6,6;5,4;45,9;15,9;16,8;20,4;4986,7;3,9;9
06.09.2024;47,7;82,4;20;19,1;21;0,9;0;0;0;0;0;1;-2,5;668,4;100;0,1;96,3;28,1;24,2;21,5;1,5;3,6;6,1;61,3;14,4;15,4;20,5;4191,8;0,1;7
07.09.2024;44;74,6;20,3;20,4;20,5;0,8;0;0;0;0;1;1;-3,5;746,4;100;0;99,4;31,9;28,8;21,4;1,6;4,3;4;40,6;12,2;12,8;19,5;5768,5;0;11
08.09.2024;46,4;88,8;17,3;17,3;20;1,2;0;0;0;1;0;1;25,4;373,2;100;11,5;98,9;23,4;21,8;20,6;2,7;5,3;8,4;74,1;14,6;14,3;19,3;1974,7;27;1
09.09.2024;94,5;87,7;15,4;15,3;18,9;1,6;0;0;0;1;0;1;0,2;474,8;100;0,7;99,1;19,2;18,2;19,2;3,5;8,6;35,4;70;12,4;13;18,7;2726,6;2;3
10.09.2024;54,4;83,6;14,8;14,7;18,4;1,8;0;0;0;0;0;1;-2;499,3;100;0;95,8;20,1;18,7;18,7;2,7;7,2;7,9;65,5;11,2;12;18,2;2976,5;0;4
11.09.2024;53,6;86,1;11,7;11,5;17,4;1,5;0;0;0;1;0;1;8,6;223,2;100;3,8;97;15,7;15,3;18,1;3,9;8,2;9,4;74,5;8,4;7,9;16,6;1216,5;9,7;0
12.09.2024;100;88,8;9,6;8,8;16,1;0,9;0;0;0;1;0;1;5;667,7;100;2,9;97,8;16,6;12,6;16,5;2,4;5,7;100;74,3;6,3;5,9;15,6;2828,3;6,4;4
13.09.2024;76,8;86,8;9,3;9;14,1;2,4;0;0;0;1;0;1;7,6;568,2;100;8,1;97,3;14,1;12,3;15,5;3,8;7,3;11,4;71,3;4,7;5,4;12,5;3355,6;9,2;5
14.09.2024;10,6;81,1;10,2;10;13,3;2,7;0;0;0;0;0;1;-1,7;391,4;13,2;0;92;14,6;12,9;13,8;3,6;7,2;8,6;66,6;7,8;8,3;12,9;2831,9;0;4
15.09.2024;11,3;75,6;11;10,5;13,9;1,5;0;0;0;0;0;1;-1,9;660,1;38;0;93,2;17,7;14,1;14,5;2,6;7,3;7,2;58;7,2;8;13,5;3863;0;7
16.09.2024;77,7;92,4;10,9;10,6;14;1,7;0;0;0;1;0;1;5,4;218,9;100;2,1;96,7;12,9;12,2;14,2;2,6;5,8;15,8;84,9;8,2;8,2;13,8;978,2;6,3;0
17.09.2024;67,6;87,6;14;14,1;14,4;1,8;0;0;0;0;0;1;-1,4;351,5;100;0;94,5;19,3;18,6;14,9;2,9;5,7;10;73,2;11,5;11,4;14,1;1462,7;0;0
18.09.2024;16;71,9;16,4;17;15,3;2,1;0;0;0;0;0;1;-2,8;603,5;70,8;0;93,2;22,7;21,8;15,9;4,4;8,3;6,3;47,6;11,4;12,6;14,8;4067;0;8
19.09.2024;8,2;65,1;16,5;17,1;15,9;1,7;0;0;0;0;0;1;-2,9;679,6;10,3;0;78,9;22,9;21,6;16,5;2,9;6,6;5,5;47,3;11;13,2;15,3;4806,9;0;10
20.09.2024;27;76,1;15;15,3;16;0,9;0;0;0;0;0;1;-2,5;682,4;83,9;0;96,6;24,9;22,4;16,7;1,9;4;4,9;50,5;7,4;8,3;15,2;5025,1;0;11
21.09.2024;51,3;78,3;15,2;15,2;15,8;0,7;0;0;0;0;0;1;-2,4;680,3;100;0;98,7;26,7;23,6;16,7;1,2;3,1;4,3;46,6;6,6;7,5;14,9;5036,5;0;11
22.09.2024;53;83,1;15,2;15,3;15,8;0,7;0;0;0;0;0;1;-2;540;100;0;99,3;24,3;23,2;16,5;1,8;4,2;5,6;53,8;7,5;8,1;15;3769,2;0;7
23.09.2024;72,6;90,7;15,3;15;16,2;0,8;0;0;0;1;0;1;7,6;369;100;5,3;98,9;20,6;19,4;16,5;2,1;3,8;8,2;69,2;12,4;12,8;15,8;1929;8,9;2
24.09.2024;58,9;81,1;14,1;14,3;16;1,3;0;0;0;0;0;1;-1,6;472,8;100;0,1;99;18,1;17,5;16,2;2,9;6,7;8,2;63;11,1;11,3;15,7;2962,4;0,1;5
25.09.2024;16,3;74,7;14,8;15,4;15,9;1;0;0;0;1;0;1;-1,3;432,2;100;0,4;93,6;20,7;20,3;16,3;1,9;5,5;6,8;55,7;10,4;11,2;15,4;2851,2;0,5;5
26.09.2024;100;90,3;14,4;14,7;15,8;2,2;0;0;0;1;0;1;11,4;150;100;1,5;95,6;16,7;16,8;16;2,8;8,5;100;86,7;11,9;12,6;15,6;772,5;12,3;0
27.09.2024;57,5;83,1;11,7;12,3;15,3;1,6;0;0;0;1;0;1;-1,1;520,6;100;0,2;96,9;17,5;16,2;15,7;3,8;12,6;9,5;67,8;7,4;8,4;14,9;2883,2;0,4;5
28.09.2024;72,8;88,1;9,5;9,3;14,5;1,9;0;0;0;1;0;1;0,8;422,3;100;1;97,9;13,3;12,2;14,8;3,7;8,2;9,8;70;3,4;3,9;14;2521,3;2;4
29.09.2024;49,5;81,9;8,1;7,6;13,2;1,1;0;0;0;0;0;1;-1,5;652,1;100;0;99,7;16,2;13,8;13,8;2,4;6;7,1;57;1,5;1,3;12,5;3728,5;0;8
30.09.2024;43,9;83,5;12;11,8;13,4;0,9;0;0;0;1;0;1;1,1;521,5;100;1,2;95,3;18,8;17,7;14;2,5;6,6;10,6;61;6,6;6,4;12,8;2400,5;2,5;4
01.10.2024;30,8;79,9;12,9;13,3;13,9;1;0;0;0;1;0;1;11,4;379,1;100;4,8;98,2;17,4;16,8;14,3;2;5,3;8;60,1;9,1;11,1;13,6;2169,8;12,7;3
02.10.2024;100;93,1;10,5;10,2;13,9;1,3;0;0;0;1;0;1;4,2;399,2;100;1,3;99,3;14,3;13,4;14,1;3,5;6,1;100;77;4,7;5,1;13,5;1889,2;5,2;2
03.10.2024;75;91,6;8,9;8,4;12,8;1,4;0;0;0;1;0;1;-0,4;283,1;100;0,2;100;11,9;11,1;13,3;2,2;5,1;11;78,2;4,5;4,7;12,6;1130,8;0,4;0
04.10.2024;40,9;90;9,7;9,3;12,8;1,9;0;0;0;1;0;1;0,8;251,8;100;1,1;96,2;12,9;12;12,9;2,6;5,3;10,4;73,9;7,8;7,7;12,6;1381,4;1,8;1
05.10.2024;97,8;91,6;9,4;9;12,8;1;0;0;0;1;0;1;-0,5;286;100;0,2;98,8;13;11,7;13;1,7;3,6;82,2;78,3;4,3;5,2;12,6;1389;0,3;1
06.10.2024;69,5;88,9;9,2;8,6;12,1;0,8;0;0;0;1;0;1;1,2;473,2;100;2;100;15,9;13,2;12,6;1,6;3,5;8,9;70,3;2,2;1,8;11,5;2762,6;2,2;6
07.10.2024;99,6;94,2;14,5;14,3;13,1;0,8;0;0;0;1;0;1;11,1;534,6;100;2,7;99,7;20,5;19,4;14;1,7;5,8;92,7;78,3;10,5;10,7;12,6;1754,4;12,1;2
08.10.2024;100;96,8;13,4;13,4;14;0,7;0;0;0;1;0;1;8,6;150,5;100;2,9;99,9;16,5;15,9;14,2;1,9;9,9;100;89,9;10,8;11,4;13,8;719,2;9,3;0
09.10.2024;66;80,5;13,3;14,2;13,7;1;0;0;0;1;0;1;-0,7;371,8;100;0,6;98,8;19,2;19,8;14;1,9;5,5;8,6;59,1;5,9;7,6;13,1;2265,2;0,6;4
10.10.2024;43,1;79,7;13,6;13,8;14;2,3;0;0;0;0;0;1;-1,4;417,5;100;0,1;97,5;17,4;18,7;14,2;4,4;14,6;8,5;66;7,8;9,1;13,9;2180,4;0,1;4
11.10.2024;74,9;88,6;9;8,7;13,3;1,3;0;0;0;1;0;1;2,9;450,1;100;1,9;98,9;13,5;11,7;13,8;3,1;5,8;9;67,2;3;3,6;12,8;2513,4;3,9;5
12.10.2024;61,9;84,7;9,3;9,2;12,1;0,9;0;0;0;1;0;1;-0,7;447,9;100;0,3;100;16,7;14,9;12,7;1,9;4,9;8;65,4;1,3;1,7;11,3;2665,1;0,3;6
13.10.2024;47,2;77,1;10,2;10,3;12,5;2,2;0;0;0;1;0;1;0,4;489;100;1,9;94,9;13,6;13,4;12,7;4,2;8,2;7,1;44,3;3,3;4;12;2503,6;2;5
14.10.2024;76,9;92,5;10,6;10,5;11,9;0,9;0;0;0;1;0;1;6;310,8;100;3,3;98,3;15,4;16;12,5;2,3;6,1;12,4;83,8;4;4;11,4;1393,7;6,8;1
15.10.2024;100;95,6;13,3;12,8;12,9;1,1;0;0;0;0;0;1;-0,8;290;100;0;100;17,3;16,2;13,4;1,9;4,2;100;86,9;11,5;10,9;12,5;1308,9;0;1
16.10.2024;70,3;92,4;11,9;11,7;13,2;1;0;0;0;0;0;1;-0,9;472,8;100;0;99,6;17,6;15,4;13,5;1,7;3,8;10,4;78,9;7,6;8,4;13;1973,8;0;4
17.10.2024;55;89,4;14,3;14,5;13,3;0,6;0;0;0;0;0;1;-0,9;499,6;100;0,1;99,8;22,4;21,1;14;1,2;2,4;7,8;70,2;8,8;9,3;12,7;2271,8;0,1;5
18.10.2024;98;98,3;12,2;12,2;13,4;0,6;0;0;0;1;0;1;0,9;213,3;100;0,8;100;14,9;14,1;13,7;1;2,9;84;94,6;9;9,9;13,2;655,5;1,5;0
19.10.2024;94;95,4;11,4;11,4;13,1;0,6;0;0;0;0;0;1;-0,6;305,9;100;0,1;100;16,5;15,7;13,5;1;2,5;81,6;82,6;6,2;7;12,6;1585,1;0,1;3
20.10.2024;71,1;94,4;11,6;11,7;13,2;0,7;0;0;0;0;0;1;-0,8;431;100;0;100;17,6;16,3;13,6;1,5;3,7;10;79,9;7,9;8,7;12,8;1674,1;0;3
21.10.2024;69,6;88,5;12,5;12,9;13;0,5;0;0;0;0;0;1;-1;514,7;100;0;100;22,6;21,2;13,6;1,1;2,6;6,4;57,9;7,2;7,6;12,4;2593,6;0;7
22.10.2024;98;90,6;12,9;13,3;13,2;1,3;0;0;0;1;0;1;0,6;179;100;0,6;99,3;16,6;16,7;13,5;2,3;4,5;60,2;82,6;8,5;10,4;12,9;807,6;1,3;0
23.10.2024;63,3;89,2;9,7;9,6;12,8;1;0;0;0;0;0;1;-0,7;452,4;100;0;98,2;14,2;13,1;13,3;1,8;4;9,9;74,4;5,9;6,5;12,4;2031;0;5
24.10.2024;30,7;93,1;10,9;10,8;12,7;0,7;0;0;0;0;0;1;-0,7;159;92,9;0;99,4;14,4;14,7;12,9;1,3;3;10,1;76,6;7,3;7,9;12,6;799,8;0;0
25.10.2024;61,9;87,2;12,1;12,3;12,7;0,8;0;0;0;0;0;1;-1;486,9;100;0;99,6;21,4;20,5;13,3;1,8;3,6;7;62;5,8;6,9;12,2;2764,8;0;8
26.10.2024;66,3;92,3;10;9,9;12,4;0,9;0;0;0;0;0;1;-0,8;486,1;100;0;100;18,1;16,3;12,8;2,2;4,5;8;71,3;4,6;6,4;11,9;2841,3;0;8
27.10.2024;75;95,1;10,1;9,9;12,2;0,7;0;0;0;0;0;1;-0,7;374,6;100;0;100;17,1;16,7;12,6;1,4;2,9;8,9;75,8;5,1;5,9;11,9;1651,7;0;4
28.10.2024;67,3;88,6;11,1;11,3;12;0,7;0;0;0;0;0;1;-0,7;552,2;100;0,1;100;21,6;20,3;12,6;1,4;2,8;6,8;61,4;4,7;5;11,3;3001;0,1;9
29.10.2024;64,8;89,9;11;11,2;12,1;0,8;0;0;0;0;0;1;-0,8;453,7;100;0;100;20,5;19,2;12,6;1,7;3;7,3;67,2;4,9;5,6;11,4;2623,2;0;8
30.10.2024;66,9;91;10,5;10,5;12;0,8;0;0;0;0;0;1;-0,7;460,8;100;0;100;18,8;17,3;12,4;1,8;3,6;7,7;69,3;5;5,9;11,5;2726;0;9
31.10.2024;54;95,5;10,2;9,6;12;0,7;0;0;0;0;0;1;-0,5;94,2;100;0;100;11,7;11,1;12,1;1,1;3,2;11,5;89,9;8,6;8;11,9;551,6;0;0
01.11.2024;27,6;92;9,7;9,2;12;1;0;0;0;0;0;1;-0,6;457,5;81,7;0;98,7;15;13,4;12,3;1,5;3,5;8,8;76,2;5,3;6,7;11,8;2332,4;0;7
02.11.2024;53;92,1;8,5;8,1;11,6;1,4;0;0;0;1;0;1;-0,3;91,3;100;0,1;98,7;9,3;9,2;11,9;2,3;4,4;11,6;85,7;7,6;7,1;11,4;447,5;0,2;0
03.11.2024;11,1;84,7;9;8,6;11,3;1,1;0;0;0;0;0;1;-0,6;156,2;11,7;0;92,3;10,9;9,7;11,4;1,6;4,2;10;79;7,3;6,8;11,2;839,2;0;1
04.11.2024;27,1;88,8;6,9;6,7;11;1;0;0;0;0;0;1;-0,5;437,5;94,8;0;99,6;13,5;12,1;11,3;1,4;3,5;8,3;72,2;0,2;1,1;10,5;2038;0;6
05.11.2024;67,3;91,9;6;5,8;9,9;0,8;0;0;0;0;0;1;-0,5;415,6;100;0;100;13,9;13,3;10,3;1,3;2,1;8,6;69,5;-0,1;0,1;9,4;2121;0;7
06.11.2024;69,4;97,3;7;6,4;9,8;1,1;0;0;0;0;0;1;-0,4;328,4;100;0;100;13,8;12,3;10,3;2,2;3,9;10,1;85;2,2;2,7;9,3;1483,8;0;4
07.11.2024;60,4;96,1;6,6;6;10;1,3;0;0;0;0;0;1;-0,4;97;100;0;100;8,2;7,5;10,2;1,8;3,4;11,8;88,9;5;4,2;9,8;517,1;0;0
08.11.2024;11,9;90,2;6,8;6,3;9,8;1,5;0;0;0;0;0;1;-0,5;76,4;12,7;0;92,9;7,8;6,9;9,9;1,9;4,5;11,2;85,7;6;5,4;9,7;419,5;0;0
09.11.2024;66,4;94,2;5,9;5,6;9,5;0,8;0;0;0;0;0;1;-0,4;372,9;100;0;100;14,7;12,3;9,9;1,3;2,9;8,9;72,5;1,6;2,3;9,1;1727,8;0;5
10.11.2024;100;100;4,5;3,6;9;0,8;0;0;0;1;0;0;-0,1;90,6;100;0,1;100;6;4,6;9,3;1,1;2,4;99,9;100;1,8;2,5;8,9;527,2;0,2;0
11.11.2024;91;98,1;5,2;4,2;8,9;1,2;0;0;0;1;0;0;9;152,2;100;3,4;100;8,7;7,1;9;2,2;5;12,2;88,7;3;2;8,7;766,4;9,4;1
12.11.2024;96,4;94;5,2;4,6;8,8;1,7;0;0;0;1;0;0;0,6;129,4;100;0,9;99,5;6,9;6;8,9;2,9;5,7;82,1;87,4;3;2,4;8,6;474,3;1;0
13.11.2024;61,3;94;2,6;1,9;8,1;1,3;0;0;0;1;0;0;0,3;117,9;100;0,3;98,4;3,9;2,8;8,5;1,9;3,6;11,3;85,2;1,4;0,7;7,8;511,6;0,7;0
14.11.2024;100;96,7;4,1;3,5;7,7;0,9;0;0;0;1;0;0;-0,1;108,3;100;0,1;99,7;6,2;5,4;8;1,8;3,6;100;91,6;0,8;0,9;7,5;556,2;0,2;0
15.11.2024;70,5;90,6;5,6;5,4;8,2;0,7;0;0;0;0;0;1;-0,4;106;100;0;100;7,5;6,7;8,4;1,3;3;11,6;81,4;0,4;1,9;8;503,2;0;0
16.11.2024;52,2;92,9;3;2,4;7,4;0,9;1;0;0;0;0;0;0;386,8;100;0,1;100;10,5;7;8,1;1,8;3,7;9,6;78,6;-2,4;-2,2;6,8;2218,2;0,1;9
17.11.2024;27,7;88,1;4,3;4,2;7,2;2,1;0;0;0;0;0;0;-0,5;217,3;94,3;0;95,5;7,5;7,1;7,4;4;7,5;11,1;79,9;-0,7;0;6,9;764;0;1
18.11.2024;36,2;84,8;5,8;5,9;7,3;3,7;0;0;0;1;0;1;0,1;190,4;100;0,3;90,7;8,2;7,4;7,4;5,7;10,2;10,9;77,8;2,2;3,4;7,1;657,2;0,8;1
19.11.2024;30,9;85;8,3;8,3;7,8;4,3;0;0;0;1;0;1;12,7;128,2;100;4,2;95;10,9;10,6;8,2;6,5;13,7;10,5;75;5,9;5,5;7,4;654,1;13,6;1
20.11.2024;57,5;81,8;2,2;1,9;6,9;3,3;0;0;0;1;0;0;4,9;388;100;2,2;97,9;5,9;4,5;8;5,9;11;9,6;63,8;-0,2;0,2;6,1;1892,5;5,4;8
21.11.2024;11;77,3;0,9;0,4;5,5;2,5;1;0;0;0;0;0;-0,6;214,3;13,9;0;95,4;3,5;2;6;4,8;9,1;9,5;62,6;-0,7;-1,2;5,3;1024,7;0;3
22.11.2024;11,9;85,5;-0,4;-0,8;4,8;3,5;1;0;0;0;0;0;-0,3;312,7;13,6;0,1;94,4;2,2;1,1;5,4;5,1;10,3;10,7;77,6;-3,5;-3;4,6;1289,1;0,1;4
23.11.2024;11,2;73;2,1;2,1;4,7;1,7;1;0;0;0;0;0;-0,4;411,4;19,8;0;92;7,6;5,3;5,1;3;5,9;8,9;59,7;-2,5;-1,3;4,4;1625,7;0;6
24.11.2024;12,6;62,6;9,6;10,4;6;2,5;0;0;0;1;0;1;-1;312,2;54,6;0,4;75,1;18,1;17,2;7;4,2;9,6;7,6;52,2;4,4;5,3;5,1;1295,6;0,4;5
25.11.2024;17,5;61,8;10,6;11,8;6,9;1,7;0;0;0;1;0;1;4,7;316,1;100;3,6;94,2;18,9;18,1;7,7;4,8;9,3;6,3;37,4;3,1;5;6,4;1240,6;5,9;4
26.11.2024;84,8;91,2;7,4;7,8;8;1,4;0;0;0;1;0;1;9,3;287,8;100;4,2;98;11;10;8,2;3,1;5,8;31,8;77,3;1,8;2,8;7,7;1135,7;9,6;4
27.11.2024;57,1;85,8;6,3;6,3;7,1;1,7;0;0;0;1;0;1;-0,2;347;100;0,2;100;13,1;11,7;7,6;5,9;10,4;9;65,7;0,6;0,7;6,7;1585,7;0,2;7
28.11.2024;52,6;87,4;5,7;5,6;7,5;2,8;0;0;0;1;0;1;6,5;247,2;100;2,5;95,1;9,5;9,5;7,7;4,9;9,5;10,4;75,9;0,5;1,1;7;1037,7;7,1;3
29.11.2024;52,5;90,1;1,5;1,6;6,3;1;1;0;0;0;0;0;0;348,8;95,2;0;98,9;7,7;6,1;6,9;2,1;4,3;9;73,6;-2;-1,3;5,8;1912,2;0;9
30.11.2024;42,2;87,9;0,2;0,2;5;0,9;1;0;0;1;0;0;0,2;355,3;100;0,3;98,7;9,5;6,9;5,7;2,1;4,7;8,9;65;-4;-3,6;4,6;2029,5;0,3;10
01.12.2024;30,3;87,4;-0,9;-0,8;4;0,9;1;0;0;0;0;0;0,1;359,8;90,7;0,1;98;5,8;3,9;4,7;1,6;3,1;8,7;70,1;-5,2;-4,2;3,6;1942,3;0,1;10
02.12.2024;87,4;91,6;4,3;3,9;4,5;0,8;1;0;0;1;0;0;2;202,4;100;0,6;99,1;8,1;7,4;5,3;1,2;3;31,4;81,8;-0,2;-0,6;3,9;737,2;2,3;1
03.12.2024;99,4;93,5;4,2;4,3;5,5;1,5;0;0;0;1;0;0;1;185,5;100;1;99,7;7,3;6,5;5,7;3,8;7,9;88,9;77,6;1,3;2,2;5,3;829;1,3;2
04.12.2024;92;89,3;1,9;1,7;5,4;1,1;1;0;0;1;0;0;2,5;285,4;100;1,7;99,6;5;3,9;5,6;2,5;5,4;24,3;66,9;-2,7;-2,4;5;880,9;2,8;2
05.12.2024;69,4;90,1;0,1;0;4;1,2;1;0;0;1;0;0;0,9;326,7;100;1;98,9;5,5;5,6;4,9;3;6,4;30,2;79,8;-5,4;-5,1;3,5;1282,9;1;5
06.12.2024;50,5;78,5;6,1;6,2;5;4,8;0;0;0;1;0;1;3,9;269,6;100;1,4;95,2;7,6;7,7;5,4;7,3;14,5;9,8;63,7;1,1;2,9;4,2;912,9;4,8;3
07.12.2024;55;85,8;3,7;4,1;4,9;1,5;0;0;0;1;0;0;0,7;50,6;100;0,7;92,2;7,1;7,1;5,3;3,4;7;10,4;68;-0,2;0,8;4,6;250,7;1,3;0
08.12.2024;98,2;90,6;2,3;2,4;4,8;1,2;1;0;0;1;0;0;0,7;172;100;0,5;97,7;4,9;4;5,2;3;5,1;84,3;82,9;-1,1;-0,9;4,5;803,8;0,9;2
09.12.2024;99,9;91;2,9;2,5;4,9;2;0;0;0;1;0;0;0;35,5;100;0,2;96,8;4,1;3,7;5;2,7;5,5;98,7;86,5;1,5;1;4,7;139,8;0,4;0
10.12.2024;87,7;89,8;2,7;2,2;4,6;1,7;0;0;0;0;0;0;-0,4;80,8;100;0;93,1;3,9;3,2;4,7;2,2;5,7;61,6;85,7;1,8;1,4;4,5;348,7;0;0
11.12.2024;25,7;92,1;1,9;1,4;4,5;1,6;1;0;0;0;0;0;-0,3;98,6;99,2;0;99,1;3,1;2,4;4,6;2,7;4,9;11,7;86;0,7;0;4,5;376,8;0;0
12.12.2024;64,2;91,9;1,5;0,9;4,4;1;0;0;0;1;0;0;-0,1;41,1;100;0,2;99,4;2,1;1,4;4,5;1,5;3,7;12,2;86,8;0,8;0,1;4,4;197,3;0,2;0
13.12.2024;20;88,2;0,3;0;4,2;1,3;1;0;0;0;0;0;-0,3;76,3;79,4;0;97,8;2,3;1,3;4,4;2,1;4,4;11,3;83,4;-3,2;-2,9;3,8;358,2;0;0
14.12.2024;23;90,6;1;0,6;3,6;1,5;1;0;0;0;0;0;-0,3;285,5;75,9;0;99,7;5,7;5,1;3,9;3,4;7,1;10,7;75,8;-2,2;-2,6;3,3;900,4;0;3
15.12.2024;36,4;83,6;3,2;2,9;3,9;3,4;0;0;0;1;0;0;-0,3;304,7;100;0,1;93,6;5,5;4,4;4,1;4,6;9,1;10,5;74,2;0,5;0,7;3,7;914,8;0,2;3
16.12.2024;16,3;85,8;6,7;6,6;4,9;3,3;0;0;0;0;0;1;-0,4;283,3;82,2;0;98,4;11,2;9,9;5,7;4,7;8,6;10,5;80,4;2,9;2,8;4,1;1050,8;0;4
17.12.2024;95;99,7;4,8;4,3;5,5;0,8;0;0;0;0;0;0;-0,1;67,9;100;0,1;100;6,3;5,4;5,7;1,5;2,9;83,8;97,1;1,5;1,8;5,3;367,6;0,1;0
18.12.2024;62,4;80,5;4,7;5,2;5,3;0,9;1;0;0;1;0;1;-0,4;210,7;100;0,1;100;13,1;13;5,6;2,7;5,2;8,2;45;-0,4;-0,2;4,9;769,4;0,2;2
19.12.2024;50,7;84,8;7,6;7,9;5,8;3,2;0;0;0;1;0;1;5,4;191,2;100;2,4;91,4;13;12,4;6,5;6,5;12,1;9,8;66,9;3,3;3,2;5,3;529,2;6,4;0
20.12.2024;53,1;86,2;1,6;1,6;5,1;2,5;1;0;0;1;0;0;-0,2;177;100;0,2;92,8;4,6;3,8;5,9;4,5;7,9;10,6;77,2;-1,7;-0,4;4,5;821,1;0,2;2
21.12.2024;29,7;83,6;3,2;3,1;4,2;2,9;1;0;0;1;0;0;1,3;302,2;100;0,9;92,6;6,7;5,7;4,7;5,8;10;10,4;77;-1,5;-0,6;3,8;1053,1;1,7;4
22.12.2024;62,9;89,9;3,1;3,1;4,7;3,7;1;0;0;1;0;0;5,1;105,9;100;2,1;94,6;5,8;5,5;4,9;6;12,4;12,7;85,5;-1,3;-0,9;4,1;410,6;5,6;0
23.12.2024;58,5;92,3;0,8;0,8;3,6;2;1;0;0;1;0;0;1;87,1;100;0,5;98,2;2,8;2,7;4;3,5;7,1;13,4;88,7;-1,6;-0,9;3,3;362,4;1,3;0
24.12.2024;98,4;89,8;2,2;2;3,6;1,4;0;0;0;0;0;0;-0,3;245,1;100;0;94,6;5,1;3,9;3,9;3,4;6;92,8;82,2;0,6;0,6;3,4;731;0;2
25.12.2024;86,2;91,3;0,6;0,4;3,5;0,7;1;0;0;0;0;0;-0,1;280,8;100;0;99,6;6,5;4,7;3,8;1,5;2,6;51,3;71,5;-1,7;-1,4;3,2;1111,3;0;5
26.12.2024;36,8;82,7;0,1;0,1;2,8;0,9;1;0;0;0;0;0;0;319;90,7;0;97;6,2;5,1;3,3;1,6;3;9,2;63;-3,7;-3,4;2,4;1704,4;0;9
27.12.2024;18,4;86,8;-1,6;-1,7;2,2;0,9;1;0;0;0;0;0;0;311;34,7;0;95,5;4,4;2,6;2,6;1,6;2,9;9;70,7;-5;-4,8;2;1625,7;0;8
28.12.2024;35,3;90,9;-1,9;-2,1;1,7;0,6;1;0;0;0;0;0;0;313,5;86,7;0;98;5,3;3,5;2;1,2;2,2;9,4;72,4;-6,5;-6,1;1,6;1651,2;0;8
29.12.2024;55,4;96,3;-2,2;-2,6;1,4;0,8;1;0;0;0;0;0;0;334,2;97,2;0;100;2,5;2,2;1,6;2,1;3,6;30,4;80,7;-5,6;-5,4;1,4;1412,9;0;7
30.12.2024;32,6;99,3;-1,7;-2,5;1,4;0,8;1;0;1;0;0;0;-0,2;67,9;47,2;0;100;-1;-1,9;1,5;1,1;2,7;18,7;98,4;-2,8;-3,6;1,4;329,6;0;0
31.12.2024;42,4;96,3;-2,2;-3;1,5;0,9;1;0;0;0;0;0;0;320,3;93,3;0;99,2;5,2;2,8;1,5;1,7;3,6;10,6;79,7;-5,4;-5,8;1,4;1607,1;0;8
01.01.2025;32,5;71,2;1,3;1,5;1,4;1,9;1;0;0;0;0;0;-0,8;411,6;96,9;0,1;98,8;10;10,5;1,8;4,7;9,4;7,4;35,8;-7,2;-7,2;1,2;1489,2;0,1;6
02.01.2025;54,3;72;4,6;4,7;2,5;3,6;1;0;0;1;0;0;7,7;78,1;100;2,2;98,5;8,2;9,1;3;5,8;12,8;7,6;41,3;-0,6;-0,8;1,8;233,1;9,2;0
03.01.2025;60,7;90,6;-1,5;-1,4;2;1,8;1;0;0;1;0;0;4,4;196,9;100;4;98,1;0,9;0,4;2,3;4,1;8;26,6;77,7;-5,1;-4,7;1,6;1034,9;4,6;3
04.01.2025;39,9;87,2;-2,9;-3,1;1,3;0,8;1;0;1;0;0;0;0;291,2;98;0;96;0,4;-0,7;1,6;1,4;2,8;27,4;78,5;-6,7;-6,5;1,2;1350,7;0;5
05.01.2025;47,9;90,7;5;5,3;1,6;1,9;1;0;0;1;0;1;7,5;143,8;100;4,1;99,9;10,9;11,1;2,9;4,2;8,3;11;77,2;-1,7;-2,4;1,1;628;8;0
06.01.2025;30,8;74,1;8;8,5;3,5;2,9;0;0;0;1;0;1;6;264,8;100;2,7;95;14,1;14,1;4,7;5,6;10,9;7,8;49,1;3;4,6;2,7;1278,7;7,2;5
07.01.2025;65,9;83,5;3,5;3,6;4;2,9;0;0;0;1;0;0;2,8;289,4;100;1,6;92,2;5,9;5,3;4,7;5,4;10,9;10,5;70,1;0,3;1,4;3,4;944,7;3,4;2
08.01.2025;100;98,1;1,5;1,1;2,8;1;0;0;0;1;0;0;14,5;62,8;100;1,9;100;2,3;2,3;3,4;1,9;3,5;100;89,6;0,5;0;2,4;269,2;14,8;0
09.01.2025;68,6;84,4;6,1;6,3;3,6;3,7;0;0;0;1;0;1;3,6;158,6;100;3,8;99,1;11,4;11,5;4,6;7,4;18,2;10,6;73,2;0,6;0,6;2,5;683,4;4,4;1
10.01.2025;12,7;81,9;0,2;0,1;2,9;2;1;0;0;0;0;0;-0,3;329,6;28,8;0;95,8;4,3;3;3,6;3,3;7,2;9,3;64;-3,7;-3,3;2,4;1620,1;0;7
11.01.2025;15,7;90,7;-2;-2,2;1,9;1,1;1;0;1;0;0;0;-0,3;77,8;20,5;0;96,2;-0,2;-0,8;2,3;2,3;4,5;11,4;84,7;-4,4;-4,2;1,6;400,4;0;0
12.01.2025;11,8;82,9;-0,6;-1;1,6;1,6;1;0;0;0;0;0;-0,3;366,6;17;0;94,6;2;0,7;1,8;2,8;5,2;9,7;66,8;-3;-3,3;1,4;1500,6;0;6
13.01.2025;12,8;83,3;-3,4;-3,6;1,2;1,5;1;0;1;0;0;0;-0,2;283,1;17,8;0;95,4;-0,5;-1,5;1,6;2,9;5,9;9,4;69,2;-6,3;-6;1,1;1472,4;0;5
14.01.2025;11,7;80,9;-2,1;-2,5;1;0,8;1;0;0;0;0;0;-0,1;359,4;14,4;0;92,7;4,5;3,1;1,1;1,3;2,9;8,1;56,6;-6,9;-6,9;0,9;1977,8;0;9
15.01.2025;85,1;96,2;0,2;-0,4;0,9;0,7;1;0;0;1;0;0;0,6;109,2;100;0,5;100;1,6;0,8;0,9;1,1;3,7;11,8;83,4;-1,1;-1,8;0,9;459,1;0,9;0
16.01.2025;92,2;92,1;1,2;0,9;1,1;1,5;1;0;0;0;0;0;-0,1;240,5;100;0,1;100;3,7;2,8;1,4;3,1;6,2;26,4;83,7;-2;-1,6;0,9;985;0,1;2
17.01.2025;30,4;92,6;-0,2;-0,5;1,1;1,3;1;0;0;0;0;0;-0,3;81,2;85;0;98;1,2;0,5;1,2;2;4,6;12,4;88,4;-3,8;-3;1;393,4;0;0
18.01.2025;13,5;88,4;-0,3;-0,7;1,4;1,4;1;0;0;0;0;0;-0,3;261;26,5;0;97,2;2,8;1,2;1,9;2;4,5;8,9;81,5;-4;-4;1,3;1045,1;0;2
19.01.2025;29,2;89,7;-1,7;-2,1;1,1;0,8;1;0;0;0;0;0;-0,1;364,9;87,3;0;98,2;5,8;4,2;1,3;1,4;3,1;8,2;67,7;-6,5;-6,6;1;1994,4;0;8
20.01.2025;33,9;93;-1,6;-1,9;0,9;0,7;1;0;0;0;0;0;-0,1;308,1;84,5;0;98,5;4,5;3,1;1;1,2;2,5;11,1;78,2;-5,2;-5,1;0,9;1590,6;0;5
21.01.2025;38,2;92,1;-1,5;-1,8;0,8;0,8;1;0;0;0;0;0;0;385,3;93,7;0,1;98,5;6,5;4,8;0,9;1,3;2,5;9,1;73,8;-6;-6,1;0,8;2102,6;0,1;8
22.01.2025;65,2;94,8;-0,5;-0,6;0,8;0,7;1;0;0;0;0;0;-0,1;198,3;98,1;0,1;98,6;3,2;2,5;0,8;1,3;2,2;36,9;88;-4,6;-4,7;0,7;806,4;0,1;1
23.01.2025;31,7;81,2;4,3;4,7;1,3;2,7;0;0;0;1;0;0;0,2;330,7;98,4;0,9;93,7;8,3;9,2;1,9;6;11,6;10,6;71,7;0,3;1,5;0,8;902,4;0,9;1
24.01.2025;9,6;62,4;6,1;6,8;2,2;1,4;0;0;0;0;0;1;-1;254,2;11,3;0;79,2;10,5;10,8;3;2,7;5,9;7,9;41,1;2,4;2,8;1,7;1079;0;2
25.01.2025;8,9;60,9;8,5;9,4;3,5;1,2;0;0;0;0;0;1;-1;320,1;10,2;0;78,6;16,5;15,9;4,4;4,4;8,2;7,2;47,3;4,7;5,2;2,9;1217,8;0;3
26.01.2025;9,4;66,9;6,6;6,8;4,3;2,6;0;0;0;0;0;1;-1,2;347,3;10,6;0;77,8;9,3;9,6;4,7;5;10,8;7,8;49,3;2,7;3,8;4;1677,6;0;5
27.01.2025;64,1;81,1;8,2;8,4;4,6;3,3;0;0;0;1;0;1;1,7;218,2;100;0,7;87,7;11,5;11,1;5,4;5;10,1;9,6;70,1;5,4;6,1;3,8;629,1;2,8;0
28.01.2025;41,6;83,3;5,6;5,8;4,8;2;0;0;0;1;0;1;0,2;165,1;100;0,3;94,8;8;7,7;5,1;3,8;8,3;9,9;67,3;3,9;4,7;4,6;936,4;0,9;1
29.01.2025;25,9;81,4;5,3;5,3;4,7;2,8;0;0;0;0;0;1;-0,7;365,3;87;0,1;91,2;9,4;8,2;5,3;5;9,2;9,4;63,8;-0,3;0,6;4,5;1535,8;0,1;4
30.01.2025;32,7;82,6;4,8;4,7;4,2;1,4;1;0;0;0;0;0;-0,7;362,4;82,9;0;94,6;11,7;10,4;5;3,2;7,1;8,6;61,4;-1;-0,4;3,5;1579,2;0;4
31.01.2025;53,8;85,9;2,1;1,8;4,4;1,6;1;0;0;1;0;0;-0,2;251,7;100;0,1;95,6;5;4,9;4,9;4,7;7,6;9,9;71,3;-2,6;-2,2;3,7;970,9;0,3;1
01.02.2025;43,6;81,8;0,5;0,3;3;1,4;1;0;0;0;0;0;-0,4;420,6;97,6;0;95,9;5,9;4,8;3,6;2,8;5,6;5,6;65,1;-3,4;-3,2;2,4;2456,9;0;9
02.02.2025;36,1;87;-0,1;-0,6;2,5;1,2;1;0;0;0;0;0;-0,3;429,9;91,2;0;94,4;5,4;3,2;2,9;2,4;4,7;0,3;72,8;-3,8;-3,9;1,9;2329,7;0;8
03.02.2025;14,1;93;-0,9;-1,5;2,2;1;1;0;0;0;0;0;-0,4;228,2;20,3;0;97,3;2,7;1,3;2,5;1,8;4,1;7,5;81,3;-3,3;-3,2;2;923,7;0;0
04.02.2025;18,7;89,7;-0,8;-1,6;2,1;1;1;0;0;0;0;0;-0,4;447;45,7;0;98,4;5,6;3,8;2,8;1,9;3,7;10,5;64,2;-4,7;-4,4;1,7;2026,6;0;6
05.02.2025;22,5;85,6;0,2;-0,3;1,7;0,9;1;0;0;0;0;0;-0,4;452;88,2;0;97,9;6,7;5,2;2;1,9;3,9;2,4;60,8;-6;-5,9;1,3;2776,2;0;10
06.02.2025;91,2;94;1,2;0,6;2,2;2;1;0;0;1;0;0;0;70,8;100;0,2;99,8;1,8;1,3;2,3;2,8;6,7;57,5;77,6;0,6;-0,1;2;318,6;0,5;0
07.02.2025;27;79,7;1,7;1,4;2,4;2,2;1;0;0;0;0;0;-0,6;278,6;100;0;95,9;5,2;3,8;3;3,1;6,2;9,5;71,2;-2,3;-2;2;1675,4;0;4
08.02.2025;27,9;80,9;1,6;1,6;2,2;1;1;0;0;0;0;0;-0,6;461,8;97,3;0;98;9,8;9;3;2,3;3,7;9,6;56,4;-4,3;-4;1,5;2774,5;0;9
09.02.2025;18,4;88;1,5;1,3;2,4;0,9;1;0;0;0;0;0;-0,5;266,2;82,3;0;97,4;6,6;5,5;3,1;1,6;2,8;7;73,7;-1,5;-1,3;1,8;1486,6;0;3
10.02.2025;68,9;91,8;2,5;2,1;2,6;1,1;1;0;0;1;0;0;3,2;363,8;100;1,6;99,1;9;7,6;3,4;2,6;4,7;10,9;69,8;-2,1;-2,3;1,9;1560,4;3,8;3
11.02.2025;99,3;98,8;4,7;4,2;3,6;1,2;0;0;0;1;0;0;8,3;87,9;100;1,1;100;6,9;6,3;4,1;2;4,1;92,6;96,9;3,1;2,8;3,3;494,2;8,7;0
12.02.2025;99,8;97,8;6,8;6,5;4,5;0,8;0;0;0;1;0;1;14;149,2;100;1,2;100;9,8;9,1;5,3;1,8;3,4;96,6;91,9;4,1;3,8;4;690,5;14,5;0
13.02.2025;95,7;96,1;2,5;1,9;4,5;1,8;1;0;0;1;0;0;12,8;267,6;100;2,5;99,1;6,7;6,4;5,3;3,5;7,2;77,2;89,2;0;-0,6;3,8;922,3;13,2;0
14.02.2025;27,9;93,2;-1,1;-1,8;3;1,8;1;0;1;1;0;0;0;153;55,2;0,3;97,1;-0,3;-1;3,7;3,3;6;14,3;86,2;-1,8;-2,5;2,6;625,6;0,4;0
15.02.2025;13,3;81,8;-0,5;-1;2,5;1,5;1;0;0;1;0;0;-0,2;444,1;21,2;0,3;92,7;1,3;0,2;2,8;2,7;4,8;10,2;73,4;-2,3;-2,1;2,2;1897,1;0,3;4
16.02.2025;11,3;84,2;-0,4;-1;2,2;2;1;0;0;0;0;0;-0,6;243,1;11,8;0;87,4;2,1;0,8;2,6;2,9;5,5;10,2;77,9;-1,4;-1,7;1,9;1262,9;0;1
17.02.2025;10,4;74,7;-0,6;-1,1;2,2;1,9;1;0;0;0;0;0;-0,8;536;11,9;0;84,4;4,2;2,4;3;2,7;5,2;7,9;60,7;-4,1;-3,5;1,6;3354,6;0;10
18.02.2025;12,7;75,6;-2,3;-2,6;1,6;1,9;1;0;0;0;0;0;-0,7;531,9;20,7;0;91,1;3,4;1,6;2;3,3;7,3;8,1;60,3;-7,2;-6,8;1,3;3319,8;0;10
19.02.2025;10,3;72,6;-1,4;-1,7;1,2;1,4;1;0;0;0;0;0;-0,7;494;12,4;0;84,7;4,7;2,9;1,5;2,3;4,6;7,7;59,3;-6,9;-6,3;1;3081;0;9
20.02.2025;11,2;83,8;3,7;3,7;1,7;1;1;0;0;0;0;0;-0,8;310,3;12,7;0;92,8;12,7;11,3;2,9;1,8;3,4;8,3;69,2;-2,2;-1,8;1,1;1645,3;0;2
21.02.2025;38;80,4;9,1;9;4;1,1;0;0;0;0;0;1;-1,1;511,7;100;0,1;98,4;18,5;17,1;5,9;2,5;4,5;6,6;52;3,2;3,5;2,7;3204;0,1;9
22.02.2025;21,5;77,6;8,5;8,9;5,1;1,2;0;0;0;0;0;1;-1,1;395,1;81,3;0;97,1;15,2;14,6;6;3,2;5,7;8,2;53,9;2,3;2,9;4,2;2031,6;0;4
23.02.2025;16,4;79,6;7,9;8,3;5,9;0,9;0;0;0;0;0;1;-1;328,6;76,5;0;92,1;14,7;13,5;6,9;1,7;3,9;7;54,2;2,4;4;5,2;2163;0;4
24.02.2025;49,2;84,4;6,7;6,9;5,4;1,2;0;0;0;0;0;1;-0,8;218,3;100;0;98,5;12,6;11,9;6;2,2;4,3;9,3;69,5;0,5;1,2;4,5;1460,3;0;1
25.02.2025;83,1;91,3;7,5;7,5;6,1;1,1;0;0;0;1;0;1;1,8;244,2;100;1,5;98,9;11,5;10,5;6,6;1,8;4,9;10;79,1;3,4;4,4;5,6;1110,7;2,5;0
26.02.2025;27,7;86,1;4;4,2;5,4;2,9;0;0;0;0;0;0;-0,7;241,2;86;0;95,4;7;6;6;5;9,2;10,6;77,1;0,6;1,7;4,8;1004,7;0;0
27.02.2025;56,6;83,5;3,6;3,5;4,6;2,2;0;0;0;1;0;0;0,7;516,3;100;0,6;93,6;10,1;8;5,6;4,4;10,1;8,8;60,4;-0,8;0,3;4;2380,8;1,8;5
28.02.2025;56,3;90,4;2,7;2,4;4,5;1,7;0;0;0;1;0;0;-0,3;309;99,2;0,3;94,7;7,1;5,5;5;4;7,5;11,5;73,9;0,1;0,8;3,9;1518,8;0,4;1
01.03.2025;47,1;87;2,4;1,9;4,2;1,8;1;0;0;0;0;0;-0,8;385,9;100;0;99,5;6,8;5,6;4,9;3,1;6,2;9,1;66,2;-0,4;-0,7;3,5;1953,8;0;3
02.03.2025;21,4;73,7;3,5;3,2;4,2;1,5;1;0;0;0;0;0;-1,3;577,9;82,4;0;95,9;10,4;9;5,6;2,6;5,5;6,6;47,7;-2,1;-2;2,9;3944,8;0;10
03.03.2025;15,4;67;3,8;3,8;4,3;1,1;1;0;0;0;0;0;-1,5;593,8;75,8;0;94,3;13,7;12,3;5,8;2,2;5,2;5,1;31,4;-4;-3,5;2,8;4107,5;0;10
04.03.2025;10,9;63,5;4,5;4,7;4,4;0,9;1;0;0;0;0;0;-1,5;611,5;39,3;0;90,5;15,3;14;6,1;2;4;3,9;28,9;-3,6;-2,8;2,9;3938,8;0;10
05.03.2025;12,7;66,3;5,5;5,8;4,9;1;1;0;0;0;0;1;-1,7;635,3;60,3;0;94,6;17,8;16;6,8;2;3,8;4;34,1;-3,6;-3;3,1;4328,7;0;11
06.03.2025;18,8;61,6;6,5;7,2;5,5;1;1;0;0;0;0;1;-1,8;638,6;81,9;0;93,2;17,8;16,5;7,3;1,9;4,5;3,7;28,7;-2,4;-1,5;3,8;4353,3;0;11
07.03.2025;8,2;61,9;7;7,6;5,9;1,2;1;0;0;0;0;1;-1,8;631,4;13,4;0;86,7;17,2;16,4;7,6;2,5;5,1;4,8;37,2;-1,9;-1,2;4,3;4255,8;0;10
08.03.2025;17;58,7;7,3;8,1;6,2;0,9;1;0;0;0;0;1;-1,8;642,3;81,1;0;93,2;18,8;17,5;8;1,8;4,9;3,2;27,6;-2,3;-0,9;4,5;4373;0;11
09.03.2025;7,4;57,4;9;9,5;6,7;1,1;0;0;0;0;0;1;-2;633,4;12,5;0;86,7;19,8;18,6;8,5;2,3;4,2;3,3;30,2;-0,5;0,2;5;4391,4;0;11
10.03.2025;43,1;80,6;6,2;6,6;6,4;1,1;0;0;0;1;0;1;-0,2;179,5;100;0,5;93,7;10,4;10,1;7,3;2,6;5,1;7,8;62,9;1,4;2,4;5,7;1009,7;0,7;0
11.03.2025;80;88,1;6,9;6,7;6,5;1;1;0;0;1;0;1;0;672,6;100;0,9;99,4;15;12,9;7,9;2,3;5,7;7;65,6;-0,6;-0,1;5,1;3116,2;1,2;6
12.03.2025;94,3;97;5,3;4,7;6,7;1,8;0;0;0;1;0;0;5,7;128,5;100;1,7;99;6,1;5,7;7,2;3,1;5;49,8;93,6;4,3;3,8;6,4;656,6;6,2;0
13.03.2025;29,3;91,5;4,8;4,2;6,2;1,6;0;0;0;1;0;0;-0,6;295,3;100;0,2;98,7;8,9;7,6;6,8;2,8;7,6;9,7;75,6;2,8;2,7;5,8;1722,5;0,3;1
14.03.2025;11,4;86,3;2,7;2,4;5,5;1,5;0;0;0;0;0;0;-0,6;144,6;15,5;0;91,3;3,9;3,3;6,2;3,1;6,6;10,6;78,6;0,1;0,8;5,2;669,6;0;0
15.03.2025;21,7;80,8;4,7;4,2;5,1;2,6;0;0;0;0;0;0;-1;185,8;92,8;0;92,1;7;6,5;5,4;3,7;8;9,5;67,2;2,5;2;4,8;966,3;0;0
16.03.2025;10;77,4;4,1;3,6;5,1;1,7;0;0;0;0;0;0;-0,9;159,2;10,7;0;85;5,6;4,8;5,3;2,5;5,8;9,5;71,7;2,8;2,2;4,8;1001,4;0;0
17.03.2025;9,9;67,3;3,3;3;5;2,1;1;0;0;0;0;0;-1,4;579,5;14,9;0;89,5;7,9;6,8;5,9;3,3;6,9;7,2;51,9;-2,5;-2,1;3,9;3518,3;0;7
18.03.2025;7,2;46,9;3,1;2,8;4,5;2,6;1;0;0;0;0;0;-2,5;729,7;8,8;0;61,1;10,7;9,1;5,9;4,5;8,3;4,5;31,2;-2,6;-2,1;3,1;5336,4;0;12
19.03.2025;7,7;59,8;5,1;5,2;4,9;1,1;1;0;0;0;0;1;-2,1;723,2;10,6;0;80,1;16,9;14,7;7,1;2,2;4,6;3,9;36,4;-4,3;-3,3;3;5262,4;0;12
20.03.2025;7,7;60,9;8,8;9,1;6,3;1,1;1;0;0;0;0;1;-2,3;687,4;13,6;0;90;21,2;19,2;8,5;3,4;6,3;3,4;30,7;-1,7;-0,6;4,5;4504,6;0;9
21.03.2025;7;55;11,4;11,9;7,4;1,5;0;0;0;0;0;1;-2,7;641,6;12,3;0;87,9;21,4;20,3;9;3,7;7;3,5;27,9;1,2;1,8;5,8;4235,1;0;8
22.03.2025;15,5;59,6;12,6;12,9;8,5;1,7;0;0;0;1;0;1;-2,1;580,1;94,9;0,2;77,8;17,6;17,3;9,7;3,3;6;5,7;46;6,2;7,3;7,4;3291,1;0,2;5
23.03.2025;20,8;78,7;9,1;9,5;8,3;1,4;0;0;0;1;0;1;-0,7;300,4;100;0,4;89;13,3;12,6;8,9;3,6;7,3;8,3;68,6;3,9;5,3;7,7;1679;0,5;0
24.03.2025;56,1;88,9;8,8;8,7;8,2;0,9;0;0;0;1;0;1;6,7;560,7;100;2,2;97,2;15;13,2;9,1;2,1;4,3;8,7;74,9;4,5;5,2;7,5;1913;7,8;1
25.03.2025;73;87,9;10,2;9,9;9;1;0;0;0;1;0;1;1,6;614,8;100;3;97,4;16,5;14,3;10;3,1;6,8;7,5;65,4;6,6;6,8;8,2;2638;3;3
26.03.2025;60,9;87,5;8;7,6;8,9;1,8;0;0;0;1;0;1;1;215,1;100;0,4;97,2;10;8,9;9,4;3,1;6;10;76,7;6,5;6,1;8,6;1278;1,9;0
27.03.2025;36,6;75,9;7,1;6,8;8,4;1,6;0;0;0;0;0;1;-1,5;469,8;89,1;0;92,2;11,5;10;9,1;3;6,8;7;59,3;1;2,2;8;2924,4;0;4
28.03.2025;35,4;71,9;7,9;7,6;8,1;1,1;1;0;0;0;0;1;-2,2;761,9;98,7;0;96,8;16,7;14,5;9,8;2;4,8;5;44,3;-0,9;-0,3;6,5;5259;0;11
29.03.2025;16,1;78,3;8,2;8,1;8,7;2,7;0;0;0;0;0;1;-1,5;336;81,3;0;89,1;12;11;9,3;5;8,3;8,6;70,3;2,8;3,7;8,2;2449;0;2
30.03.2025;9,4;70,8;7,5;7,4;8;3,3;0;0;0;0;0;1;-2,4;568,6;12,1;0;86,6;14;12,3;8,6;5,6;9,8;6,5;41;0,3;1,6;7,1;3460,4;0;5
31.03.2025;8,9;68,5;7;6,9;7,6;2,4;0;0;0;0;0;1;-1,5;165,5;9,9;0;79,5;9,1;8,6;8,1;5,1;8,1;8;58,7;5,8;5,3;7,4;1460,9;0;0
01.04.2025;7,5;60,3;7,8;7,7;7,4;3;0;0;0;1;0;1;-1,8;496,2;41,8;0,5;74,9;11,3;10,9;8;4,7;9,9;2,8;45,6;4,5;4,3;6,9;3452,4;0,5;5
02.04.2025;3,5;55,2;10,8;10,9;7,9;3,9;0;0;0;0;0;1;-3,6;788,8;4,7;0;73,1;16,9;15,9;9,4;5,8;11;2,2;41,4;4,9;5,5;6,6;5911;0;12
03.04.2025;3,4;49,7;12,3;13;9,1;2,2;0;0;0;0;0;1;-3,6;801,2;4,6;0;65,8;19,8;18,7;10,7;4,1;8,2;2;35;5,7;7,9;7,6;5979,9;0;12
04.04.2025;3,3;47,2;12,2;13,3;9,7;1,6;0;0;0;0;0;1;-3,7;813,3;5,2;0;70;21,6;20,8;11,3;3,2;7;1,5;25,8;2,2;5;8;6332,2;0;13
05.04.2025;3,4;49,2;12,3;12,8;10,2;1,8;0;0;0;0;0;1;-3,6;810,2;5,2;0;73,5;21,1;20,2;11,7;3,3;7,2;1,8;30,5;1,9;3,9;8,5;6014;0;12
06.04.2025;3,2;38,8;6,5;6,4;9,5;2,6;0;0;0;0;0;1;-3,3;842;4,5;0;58,9;11,5;10,2;10,6;3,8;8,7;1,7;25,2;2;2,9;8,5;6600,6;0;14
07.04.2025;3,3;42,7;5,6;5,8;8,2;1,7;1;0;0;0;0;1;-2,9;832;5;0;59,6;12,9;11,4;9,4;3,4;7;1,7;31,2;-3;-0,7;6,9;6529,9;0;13
08.04.2025;3,5;48,5;7,4;7,9;8,2;1,5;0;0;0;0;0;1;-2,9;815,5;5,4;0;69,3;15,7;14,3;9,7;3,1;7,2;1,6;32,6;-2,2;0,3;6,7;6255,4;0;12
09.04.2025;3,5;49,9;8,6;9,2;8,9;1,4;0;0;0;0;0;1;-3;836,3;5,4;0;71,7;16,7;15,2;10,4;2,4;5,7;1,7;32,8;0,2;2,4;7,4;6074,5;0;12
10.04.2025;3,8;57;8,6;9,2;9,2;1,6;0;0;0;0;0;1;-3;820,8;5,5;0;74,6;16,3;15,1;10,7;3,3;7,1;2,2;40,3;1,2;3,2;7,7;6320,2;0;12
11.04.2025;12,9;57;9,9;10,2;9,5;1,4;0;0;0;0;0;1;-3,4;842,7;80,8;0;90,2;19,6;18,5;11,3;3;6,5;1,8;28,7;-0,8;1,3;7,8;6650,3;0;13
12.04.2025;3,5;49,2;13,2;13,8;10,3;1,4;0;0;0;0;0;1;-3,8;840,5;6;0;78,9;23,4;22,5;12,1;2,6;5,9;1,4;26,7;1,4;3,1;8,5;6596,8;0;13
13.04.2025;14,5;58,4;13,7;14,5;10,9;2,1;0;0;0;1;0;1;-2,4;548,4;99,2;0,2;73,8;19,4;17,8;11,6;4,1;7,3;3,2;49,3;8,7;10,9;10,5;2671,9;0,2;2
14.04.2025;44,6;71,9;14,1;14;11,5;1,2;0;0;0;1;0;1;2;831,7;100;1,5;95,2;20,5;18,6;12,9;2,4;5,2;2,8;53,4;7,9;9,8;10,4;5688,4;5;10
15.04.2025;41;80,1;13,3;13,5;12;1,3;0;0;0;1;0;1;-1,4;548;100;0,6;93,9;19,1;18,1;12,6;3,3;5,3;4,2;62;7,1;8,4;11,2;3383,4;0,7;4
16.04.2025;38;76,7;12,7;12,8;12,1;2,5;0;0;0;0;0;1;-3,4;781,2;100;0;97,4;21,9;20,9;13,2;6;9,2;3,4;48,7;6,8;8,6;11,1;5180,2;0;9
17.04.2025;47,2;91;8,3;8,2;11,2;2,4;0;0;0;1;0;1;0,5;153,8;100;0,7;94,7;9,6;9,2;12,1;3,1;6,2;5,7;81,3;6,9;7,2;10,7;893,4;1,4;0
18.04.2025;46,7;82,1;7,6;7,7;10,2;1,7;0;0;0;0;0;1;-1,2;320,6;100;0;92,9;10,5;9,3;10,6;3,1;5,7;5,3;72,5;4,6;5,7;10;1712,8;0;0
19.04.2025;36,6;70,3;11,2;11,2;10,3;1,1;0;0;0;0;0;1;-3,2;831,8;100;0;97,5;20,9;19,3;11,8;2,2;5,7;3;44,5;0,8;2,2;8,9;6591,5;0;12
20.04.2025;42,5;76,6;9,8;10,4;10,9;2,1;0;0;0;1;0;1;0,1;869,5;100;1,3;97,1;19,7;18,3;11,7;5,3;8,7;3,7;48,9;3,3;4,8;10,1;4097,8;2,8;6
21.04.2025;87,7;82,9;9,2;9,2;10,3;1,4;0;0;0;1;0;1;0,3;633,3;100;1,6;98;16,1;14,9;11,1;3,7;9,3;6;51,3;2,8;3,6;9,4;3816,9;2,5;5
22.04.2025;48,4;76,2;10,6;10,8;10,6;1;0;0;0;0;0;1;-2,2;728,6;100;0;95;17,2;15,8;11,4;1,7;3,9;3,8;48,4;4,9;6,3;9,9;3553,1;0;4
23.04.2025;59,6;77,6;11,4;11,1;10,8;1,6;0;0;0;1;0;1;5,8;899,8;100;3,3;96,2;22,7;19,1;11,9;4,4;10,3;3,2;41,3;2,8;4;9,6;5049,6;8,9;8
24.04.2025;94,3;85,8;10,1;10;11,1;1,4;0;0;0;1;0;1;1,4;560,7;100;2,6;97;13,5;12,6;11,5;3,3;7,8;42,2;70,9;7,6;8,1;10,8;2930,8;3,1;2
25.04.2025;97,5;89,4;10,4;10,1;11,2;1,5;0;0;0;1;0;1;1,8;463,6;100;0,9;96,9;14,1;12,5;11,5;3,3;6,4;65,3;79,9;8;8,2;10,8;2777,5;3,3;2
26.04.2025;51,8;79,6;10,1;10,7;11;1,4;0;0;0;0;0;1;-1,7;462,6;100;0,1;93;14;14,7;11,3;2,8;5,7;5,5;62;6,1;7;10,6;2537,5;0,1;1
27.04.2025;4,9;57,8;13,2;13,4;11,4;1,9;0;0;0;0;0;1;-4;869,5;7,6;0;83,8;20,5;18,9;12,4;3;6,3;3;38,1;6,3;7,8;10,4;7082,3;0;13
28.04.2025;24,7;60,8;13,5;13,7;11,9;1,4;0;0;0;0;0;1;-4;818,5;95,3;0;93,7;22,6;21,3;12,9;2,9;5,3;2,6;34;3,5;4,7;10,7;7066,2;0;13
29.04.2025;8,2;60,3;15,3;15,8;12,6;1,4;0;0;0;0;0;1;-4,3;888,8;43,1;0;87,9;24,9;23,7;13,7;2,7;5,5;2,7;38,2;4,9;6,5;11,3;7422,8;0;13
30.04.2025;10,1;55,1;16,6;17,5;13,4;1,2;0;0;0;0;0;1;-4,5;895,2;68,1;0;89,7;27,1;24,9;14,5;2;4,9;2,2;30,3;6;7,7;12,1;7567,6;0;14
01.05.2025;11,5;54,9;16,3;17,6;13,8;1;0;0;0;0;1;1;-4,5;898,5;78,3;0;89;27,4;25,9;14,8;1,9;4,9;1,9;25,5;6,2;8,1;12,6;7559,1;0;13
02.05.2025;4,8;56,6;18,3;19,2;14,2;1,4;0;0;0;0;1;1;-5,1;882,8;11,3;0;85;30,7;28,4;15,4;3,1;7,4;2,3;27;7,1;9;13;7331,6;0;13
03.05.2025;39,1;67,2;16,4;17,5;14,4;2,6;0;0;0;1;0;1;3,2;548,4;100;3,8;94,1;24,9;23,9;15;4,7;9,8;3,6;43,9;11,4;12,6;14;3422,3;6,7;3
04.05.2025;70,6;87,2;10,2;10,4;13,4;2;0;0;0;1;0;1;14,1;269,1;100;4;95,7;12,6;13,4;14,4;2,9;7,4;6,2;73,1;8;9,1;12,8;1928,2;15,6;0
05.05.2025;5,9;69,1;8,9;9,4;12,1;1,8;0;0;0;0;0;1;-2,1;505,8;12,2;0;79,6;12,3;12;12,7;2,5;6,5;4,5;55,3;6,3;7,6;11,7;3044,8;0;2
06.05.2025;5,9;64,2;9,3;9,5;11,6;1,9;0;0;0;0;0;1;-3,1;695,2;15,6;0;84,4;13,4;13;11,9;3,3;8,3;3,4;40,1;3,5;5,2;11,2;5948,1;0;9
07.05.2025;9,6;59,4;10,4;10,8;11,2;2,2;0;0;0;0;0;1;-3,6;946,7;63,7;0;88,7;17,6;15,9;11,9;3,5;8,3;2,9;38,6;1,9;3;10,4;6891;0;11
08.05.2025;4,8;60,7;10,7;11,4;11,5;1,6;0;0;0;0;0;1;-2,6;471,2;5,8;0;72;14,5;14,1;11,8;2,9;5,8;3,8;44,8;7,7;9,2;11,2;3428,5;0;3
09.05.2025;4,2;49,5;11,5;12,1;11,6;1,8;0;0;0;0;0;1;-4,1;1026;5,8;0;71;18,2;16,2;12,3;2,9;6,9;2,6;31,7;5,6;7,5;11;7213,6;0;12
10.05.2025;8,5;50;11,6;12,2;11,6;1,6;0;0;0;0;0;1;-4,3;934,5;52,8;0;87,7;20,2;19,1;12,5;2,8;6,5;2,1;27,7;1,8;2,2;10,5;8062,6;0;14
11.05.2025;4,5;49,3;13,6;14,4;11,9;1,8;0;0;0;0;0;1;-4,8;921,5;14;0;83,9;22,2;22;13;3,3;7,8;2;27,7;3;3,6;10,6;8054,7;0;14
12.05.2025;3,9;51,7;13,7;14,8;12,6;1,4;0;0;0;0;0;1;-4,3;936,2;6,5;0;79,9;21,9;21,2;13,5;2,4;6,1;2,1;33,3;4,5;6,2;11,5;7356,4;0;12
13.05.2025;4,1;51,6;13,6;14,5;12,8;1,3;0;0;0;0;0;1;-4,4;943,6;8,7;0;81;22,8;20,9;13,6;2,3;5,4;2,1;28,4;5,2;6,7;11,7;7587;0;13
14.05.2025;6,6;53,2;14,3;14,3;12,8;1,3;0;0;0;0;0;1;-4,7;933,3;34;0;84,7;25,9;22,3;13,8;2,5;5,3;1,7;24,2;4,8;5,2;11,6;8064,9;0;14
15.05.2025;3,8;47,3;12,9;14;13;2,6;0;0;0;0;0;1;-4,6;939,5;5,1;0;64,3;20,1;17,8;13,6;4;8,6;2,7;29,5;6,1;9,8;12,4;6745,7;0;11
16.05.2025;4,2;52,8;10,9;11,3;12,3;1,6;0;0;0;0;0;1;-3,4;854,1;6,9;0;79,5;18,6;15,8;13;3,1;6,8;2,6;35,5;2,9;3,4;11,3;5920,6;0;9
17.05.2025;4,7;59,1;12,7;12,9;12,6;2,1;0;0;0;0;0;1;-3,8;818,2;9;0;83,7;18,9;17,5;13,4;3,7;7,3;3,1;41,5;4,6;6,2;11,6;6508,9;0;10
18.05.2025;4,9;58,8;13;13,3;12,7;2;0;0;0;0;0;1;-3,9;687,3;8,6;0;83,1;21,9;19,3;13,4;4;8;2,7;34,4;5,6;6,6;11,8;5704,1;0;8
19.05.2025;22,7;54,8;14,7;15,1;13;1,3;0;0;0;0;0;1;-4,6;926,3;85,8;0;92,3;22,6;21,9;14;2;5,9;2,3;29,7;5,8;6,4;11,9;7994,5;0;13
20.05.2025;4;50,7;15;16,9;13,4;1,3;0;0;0;0;0;1;-3,7;896,6;6,2;0;78,1;23,6;22,5;14,1;3,1;5,8;2,6;35,3;7,2;8,4;12,6;5020,8;0;6
21.05.2025;56,3;77,3;13,7;14,4;13,9;1,4;0;0;0;1;0;1;10,3;592,1;100;3,8;92,4;20;19,5;14,1;3,2;6,7;4,2;52,1;10,4;10,9;13,5;2908,8;12,7;1
22.05.2025;61,5;79,9;11,1;11,1;13,3;2,2;0;0;0;1;0;1;-1,4;689;100;0,6;97,4;16,2;14,8;13,7;4,7;9;4,4;51,2;7,6;8;13,1;3608,8;1,1;3
23.05.2025;28,2;67,2;9,9;9,5;12,4;2;0;0;0;0;0;1;-3,2;894,5;88,4;0;92;15,8;13,9;13;3,8;7,7;3,8;43,4;5,3;5,2;11,9;5900,8;0;8
24.05.2025;24,6;56,8;11,4;11,3;12;1,5;0;0;0;0;0;1;-3,6;782,4;85,1;0;87,5;19,3;16,9;12,8;2,7;5,8;2,6;33,5;2,7;2,9;11;6384,4;0;9
25.05.2025;75,2;75,9;13,4;14,3;12,7;1,7;0;0;0;1;0;1;1,2;508,6;100;0,6;89,3;19,6;19,7;13,3;3,1;7,2;4,8;53,9;9,1;9,8;12,3;2821,2;3,7;1
26.05.2025;40,9;65,8;14,2;14,5;13,5;2,5;0;0;0;1;0;1;-3,1;797;100;0,7;93,6;19,7;17,8;14;4,4;8,2;3,7;44,4;9,9;10,6;13,2;6174,8;0,7;9
27.05.2025;5,5;60,5;14,2;15;13,4;1,9;0;0;0;0;0;1;-3,4;721;14,9;0;81,9;19,4;19,2;13,9;4,3;7;3,8;45,2;8,5;9,2;12,9;4559,3;0;5
28.05.2025;74,7;76,3;13,7;14,8;13,7;2,8;0;0;0;1;0;1;4,2;590,3;100;1,9;89,7;18,7;17,1;14;5,7;9,7;5,2;62,8;10,9;12;13,5;3043,4;6,7;1
29.05.2025;44,1;76,2;14,7;15,4;13,9;1,4;0;0;0;1;0;1;-2,5;476;100;0,2;96,3;18,5;19,4;14,3;2,5;6,5;4,7;53,3;10,4;10,8;13,4;3669,8;0,2;3
30.05.2025;5,6;63,8;19,1;20,1;15;1,2;0;0;0;0;1;1;-5,4;931,3;11,6;0;85,9;27,5;26,4;16,1;2,2;5,2;3,3;41,8;13,1;14,5;14,2;8182,7;0;13
31.05.2025;46,9;70,2;19,6;20,5;16;1,4;0;0;0;1;1;1;11,4;919,3;100;8,2;95,5;29,2;29,9;17,1;5,3;11,6;3;37,1;11,4;12,3;14,9;7662,5;16,9;12
01.06.2025;62,2;78;19,5;20,4;17,1;1,4;0;0;0;1;1;1;4,2;789;100;3,3;95,3;25,5;25,9;17,6;2,7;7;4,3;50;14,5;15,5;16,6;5695,8;8,3;8
02.06.2025;89,8;91,7;16,9;16,4;17,3;1,3;0;0;0;1;0;1;15,3;510,2;100;7,2;97,4;22,4;20;17,5;3,7;9;21,8;76,7;14,8;14,5;17,1;2546,9;17,2;0
03.06.2025;41,2;80,7;18;17,9;17,1;1,5;0;0;0;0;0;1;-3,6;779,6;100;0;99,3;23,7;22,9;17,6;3,9;7,2;5,1;59,2;14,2;14,2;16,8;5425;0;7
04.06.2025;80,5;86,1;16,4;16,9;17,2;1,5;0;0;0;1;0;1;11,1;663,6;100;6,3;95,9;22,3;21,4;17,8;3,9;8,6;7,7;68,6;14;15;16,6;2847,8;13,4;1
05.06.2025;42,7;72,4;16,2;17,1;17,4;2,2;0;0;0;0;0;1;-3,5;675,2;100;0;91,3;20,6;20,1;18;5,4;10,1;5,2;56,6;12,4;13,8;16,7;5142,8;0;6
06.06.2025;48,6;79,8;16,9;17,6;17,4;2,6;0;0;0;1;0;1;2,1;655,1;100;1,7;95,4;21,9;20,3;18;6;11,3;5,8;63,3;14,3;15,6;16,9;3498,4;4,9;2
07.06.2025;55,2;82,2;15,5;16,3;17,3;2,1;0;0;0;1;0;1;1;457,8;100;1,3;95,9;19,1;18,5;17,5;4,1;7,6;6,5;68,3;13,3;14,5;16,9;3106,8;3,3;1
08.06.2025;67,6;81,8;12,8;13,4;16,7;2,9;0;0;0;1;0;1;5,6;766,5;100;3,2;92,8;17,9;15,8;17;6,1;12,7;5,8;63,1;7,8;8,9;16,3;4295,7;8,3;4
09.06.2025;38,9;67,5;14,9;14;16,3;1,2;0;0;0;0;0;1;-4,2;895;100;0;92,3;23,7;20,3;17,7;1,9;5,4;3,6;44,9;6,9;6,6;14,8;7464,3;0;12
10.06.2025;35,7;66,3;17,2;17;17;1,5;0;0;0;0;0;1;-4,5;836,2;100;0;97,2;26,4;24,1;18,6;3,1;6,2;3,8;37,9;8,2;7,8;15,4;6721,4;0;10
11.06.2025;5,6;60;17,7;18,3;17,9;1,3;0;0;0;0;0;1;-4,7;866,8;10,3;0;87,3;23,8;23,1;19,2;2;5,6;3,4;38,5;11,7;12,8;16,7;7268,3;0;11
12.06.2025;6,7;57,6;19,5;20,1;18,1;1,4;0;0;0;0;1;1;-5,2;865,2;27,2;0;86,6;26,8;27,3;19,4;2,4;6,4;3,4;41,1;9,4;9,6;16,5;7629,2;0;12
13.06.2025;5,1;57,3;22,1;23;19,1;1,4;0;1;0;0;1;1;-5,6;839,2;8,4;0;85,4;29,4;30,5;20,6;2,7;5,7;3,4;34,5;13,3;14,1;17,6;7387,8;0;11
14.06.2025;10,6;59,1;23,2;24,5;19,9;1,4;0;1;0;0;1;1;-5,8;842;95,6;0,1;80;33,2;33,1;21,3;3,1;6,4;3,4;33,4;13,8;15,2;18,4;7192,4;0,1;11
15.06.2025;45;81,1;19,9;20,3;20,3;2,1;0;0;0;1;0;1;7,9;756,3;100;4,4;93,6;26,3;24,8;20,9;4,3;8,5;5;64,9;14,4;15;19,7;4579,9;11,4;5
16.06.2025;41,9;73,8;17,3;17,6;19,8;1,5;0;0;0;1;0;1;-3,8;869,7;100;0,2;94,2;22,1;21,3;20,4;2,6;5,4;4,3;53,3;13,3;13,5;19,1;6286,3;0,2;9
17.06.2025;36;65,5;18,3;18,7;19;1,1;0;0;0;0;1;1;-5;929,8;100;0;96,8;24,4;25,2;19,7;2;5,2;3,4;39,3;11;10,5;17,9;8124,9;0;13
18.06.2025;30,9;65,2;19,9;20,4;19,1;1,1;0;0;0;0;1;1;-5,4;930,3;100;0;94,8;27,5;26,9;20,2;2,1;5,5;3,4;40;11,6;11,7;17,9;8471;0;14
19.06.2025;17,6;60,8;21;22;19,6;1,3;0;0;0;0;1;1;-5,5;917,8;85;0;91,4;26,5;27,5;20,4;2,2;6,3;3,4;39,2;13,6;14;18,5;8203,7;0;13
20.06.2025;-;-;-;-;-;-;-;-;-;0;-;-;-;-;-;-;-;-;-;-;-;-;-;-;-;-;-;-;0;-
